Date,Open,High,Low,Close,Volume,Dividends,Stock Splits,Ticker,Company
2022-05-06,203.75,205.72000122070312,200.22000122070312,202.82000732421875,8825300,0.0,0.0,V,Visa Inc.
2022-05-09,200.0500030517578,200.75,192.0800018310547,193.0,10314100,0.0,0.0,V,Visa Inc.
2022-05-10,196.7100067138672,197.75,190.97000122070312,193.5800018310547,11016500,0.0,0.0,V,Visa Inc.
2022-05-11,193.49000549316406,198.32000732421875,191.39999389648438,196.72000122070312,9427300,0.0,0.0,V,Visa Inc.
2022-05-12,194.52999877929688,196.05999755859375,189.9499969482422,193.97000122070312,9308600,0.375,0.0,V,Visa Inc.
2022-05-13,197.0,200.5399932861328,196.5,199.22999572753906,6684500,0.0,0.0,V,Visa Inc.
2022-05-16,197.32000732421875,199.94000244140625,195.8800048828125,197.80999755859375,5161300,0.0,0.0,V,Visa Inc.
2022-05-17,202.85000610351562,204.8000030517578,200.14999389648438,204.0,7265600,0.0,0.0,V,Visa Inc.
2022-05-18,202.82000732421875,205.4600067138672,199.1300048828125,199.99000549316406,8748200,0.0,0.0,V,Visa Inc.
2022-05-19,196.35000610351562,200.4199981689453,193.30999755859375,197.3699951171875,9012400,0.0,0.0,V,Visa Inc.
2022-05-20,199.6699981689453,201.66000366210938,194.02000427246094,199.02999877929688,6966600,0.0,0.0,V,Visa Inc.
2022-05-23,200.8800048828125,207.9600067138672,200.77000427246094,207.55999755859375,12187400,0.0,0.0,V,Visa Inc.
2022-05-24,203.91000366210938,204.6699981689453,199.02999877929688,202.6300048828125,7458500,0.0,0.0,V,Visa Inc.
2022-05-25,200.58999633789062,204.9499969482422,200.47000122070312,203.83999633789062,5457200,0.0,0.0,V,Visa Inc.
2022-05-26,205.11000061035156,209.74000549316406,204.6699981689453,208.5500030517578,9212300,0.0,0.0,V,Visa Inc.
2022-05-27,210.0,213.22999572753906,209.63999938964844,212.8800048828125,4897200,0.0,0.0,V,Visa Inc.
2022-05-31,210.3800048828125,214.35000610351562,209.11000061035156,212.1699981689453,9586400,0.0,0.0,V,Visa Inc.
2022-06-01,212.0500030517578,214.11000061035156,208.82000732421875,209.92999267578125,5246100,0.0,0.0,V,Visa Inc.
2022-06-02,211.88999938964844,215.25,211.0800018310547,215.0500030517578,5337200,0.0,0.0,V,Visa Inc.
2022-06-03,212.9499969482422,214.2100067138672,211.27000427246094,212.64999389648438,4352500,0.0,0.0,V,Visa Inc.
2022-06-06,215.4499969482422,217.5800018310547,212.08999633789062,212.94000244140625,3965100,0.0,0.0,V,Visa Inc.
2022-06-07,211.1199951171875,214.97000122070312,210.72000122070312,214.5,4493300,0.0,0.0,V,Visa Inc.
2022-06-08,213.75999450683594,215.57000732421875,212.8300018310547,213.5,3646300,0.0,0.0,V,Visa Inc.
2022-06-09,212.58999633789062,213.7100067138672,206.02000427246094,206.11000061035156,5138600,0.0,0.0,V,Visa Inc.
2022-06-10,201.64999389648438,203.4199981689453,199.17999267578125,199.50999450683594,5162500,0.0,0.0,V,Visa Inc.
2022-06-13,192.99000549316406,195.88999938964844,191.0800018310547,192.25999450683594,7119200,0.0,0.0,V,Visa Inc.
2022-06-14,192.72000122070312,194.33999633789062,191.75,193.52000427246094,6441200,0.0,0.0,V,Visa Inc.
2022-06-15,195.97999572753906,198.8300018310547,192.22999572753906,196.16000366210938,6490000,0.0,0.0,V,Visa Inc.
2022-06-16,191.41000366210938,191.8699951171875,187.52999877929688,189.0500030517578,9887200,0.0,0.0,V,Visa Inc.
2022-06-17,186.92999267578125,191.30999755859375,185.91000366210938,190.00999450683594,15089300,0.0,0.0,V,Visa Inc.
2022-06-21,195.7100067138672,196.72999572753906,193.72999572753906,194.38999938964844,6241600,0.0,0.0,V,Visa Inc.
2022-06-22,191.25,196.38999938964844,191.02999877929688,193.82000732421875,5138500,0.0,0.0,V,Visa Inc.
2022-06-23,196.13999938964844,197.4600067138672,193.4499969482422,196.63999938964844,4752800,0.0,0.0,V,Visa Inc.
2022-06-24,197.72999572753906,205.63999938964844,197.50999450683594,205.50999450683594,7754800,0.0,0.0,V,Visa Inc.
2022-06-27,205.75,207.08999633789062,202.61000061035156,203.55999755859375,6121200,0.0,0.0,V,Visa Inc.
2022-06-28,204.0,206.7899932861328,197.5,198.1199951171875,4354200,0.0,0.0,V,Visa Inc.
2022-06-29,197.32000732421875,200.63999938964844,197.32000732421875,199.5,4324600,0.0,0.0,V,Visa Inc.
2022-06-30,195.3699951171875,198.85000610351562,192.85000610351562,196.88999938964844,7045200,0.0,0.0,V,Visa Inc.
2022-07-01,196.7899932861328,199.8000030517578,194.7100067138672,199.17999267578125,4131800,0.0,0.0,V,Visa Inc.
2022-07-05,196.22999572753906,200.57000732421875,194.13999938964844,200.5399932861328,4110200,0.0,0.0,V,Visa Inc.
2022-07-06,200.0,202.50999450683594,198.6699981689453,201.1199951171875,4111200,0.0,0.0,V,Visa Inc.
2022-07-07,202.5399932861328,203.42999267578125,200.0399932861328,202.8000030517578,4650700,0.0,0.0,V,Visa Inc.
2022-07-08,202.32000732421875,204.10000610351562,200.4600067138672,203.57000732421875,3621800,0.0,0.0,V,Visa Inc.
2022-07-11,202.0,206.74000549316406,202.0,205.05999755859375,5353600,0.0,0.0,V,Visa Inc.
2022-07-12,203.25,208.1199951171875,202.75999450683594,204.82000732421875,6779500,0.0,0.0,V,Visa Inc.
2022-07-13,200.42999267578125,205.57000732421875,199.5,204.14999389648438,7597300,0.0,0.0,V,Visa Inc.
2022-07-14,200.0,206.0800018310547,197.97999572753906,205.91000366210938,5605500,0.0,0.0,V,Visa Inc.
2022-07-15,209.3699951171875,211.7100067138672,207.17999267578125,210.0399932861328,7245700,0.0,0.0,V,Visa Inc.
2022-07-18,211.5,212.91000366210938,206.63999938964844,207.2100067138672,4648900,0.0,0.0,V,Visa Inc.
2022-07-19,208.22000122070312,214.11000061035156,207.89999389648438,213.66000366210938,4927100,0.0,0.0,V,Visa Inc.
2022-07-20,212.0,214.1300048828125,211.2100067138672,213.3699951171875,4460300,0.0,0.0,V,Visa Inc.
2022-07-21,213.14999389648438,216.89999389648438,212.72999572753906,216.19000244140625,4801300,0.0,0.0,V,Visa Inc.
2022-07-22,217.92999267578125,218.07000732421875,212.1199951171875,213.6999969482422,5071500,0.0,0.0,V,Visa Inc.
2022-07-25,214.5800018310547,214.8000030517578,211.6199951171875,214.27000427246094,4357200,0.0,0.0,V,Visa Inc.
2022-07-26,213.85000610351562,215.14999389648438,211.75,212.49000549316406,6141000,0.0,0.0,V,Visa Inc.
2022-07-27,210.77000427246094,216.85000610351562,201.1999969482422,210.47000122070312,17432200,0.0,0.0,V,Visa Inc.
2022-07-28,210.63999938964844,212.72000122070312,207.9199981689453,211.35000610351562,7477100,0.0,0.0,V,Visa Inc.
2022-07-29,212.0,214.16000366210938,209.8300018310547,212.11000061035156,6059700,0.0,0.0,V,Visa Inc.
2022-08-01,208.4499969482422,213.99000549316406,207.55999755859375,211.36000061035156,8028400,0.0,0.0,V,Visa Inc.
2022-08-02,207.8000030517578,208.83999633789062,203.92999267578125,206.25999450683594,9939400,0.0,0.0,V,Visa Inc.
2022-08-03,207.99000549316406,210.3300018310547,206.8800048828125,208.47999572753906,9520100,0.0,0.0,V,Visa Inc.
2022-08-04,210.52999877929688,214.8800048828125,208.5500030517578,213.47000122070312,6789700,0.0,0.0,V,Visa Inc.
2022-08-05,210.7100067138672,215.9499969482422,210.5,215.8699951171875,5553700,0.0,0.0,V,Visa Inc.
2022-08-08,215.22999572753906,216.6300048828125,212.0500030517578,213.32000732421875,4063400,0.0,0.0,V,Visa Inc.
2022-08-09,212.0,213.4499969482422,209.75,210.25999450683594,4596800,0.0,0.0,V,Visa Inc.
2022-08-10,214.8300018310547,214.83999633789062,211.30999755859375,212.10000610351562,5746400,0.0,0.0,V,Visa Inc.
2022-08-11,213.2899932861328,213.5,210.58999633789062,211.0800018310547,6639600,0.375,0.0,V,Visa Inc.
2022-08-12,213.0,213.22000122070312,210.10000610351562,211.3300018310547,6443700,0.0,0.0,V,Visa Inc.
2022-08-15,210.3699951171875,216.74000549316406,210.3699951171875,216.4199981689453,5290600,0.0,0.0,V,Visa Inc.
2022-08-16,214.5500030517578,217.61000061035156,212.1300048828125,217.13999938964844,6564400,0.0,0.0,V,Visa Inc.
2022-08-17,215.0,216.17999267578125,212.75,214.52000427246094,4902500,0.0,0.0,V,Visa Inc.
2022-08-18,213.8699951171875,216.0,212.42999267578125,215.25,4516400,0.0,0.0,V,Visa Inc.
2022-08-19,214.11000061035156,215.22999572753906,212.38999938964844,212.82000732421875,4178800,0.0,0.0,V,Visa Inc.
2022-08-22,209.94000244140625,211.25,208.1999969482422,208.61000061035156,5139500,0.0,0.0,V,Visa Inc.
2022-08-23,208.0,209.3000030517578,206.52999877929688,206.8000030517578,3525500,0.0,0.0,V,Visa Inc.
2022-08-24,206.6300048828125,208.35000610351562,205.67999267578125,206.6699981689453,4230800,0.0,0.0,V,Visa Inc.
2022-08-25,207.38999938964844,209.91000366210938,206.5,209.82000732421875,4495000,0.0,0.0,V,Visa Inc.
2022-08-26,209.77000427246094,210.25999450683594,202.6999969482422,202.88999938964844,5060200,0.0,0.0,V,Visa Inc.
2022-08-29,201.25,203.9600067138672,200.6199951171875,202.3300018310547,4476200,0.0,0.0,V,Visa Inc.
2022-08-30,203.9199981689453,204.41000366210938,200.2100067138672,201.3800048828125,3918200,0.0,0.0,V,Visa Inc.
2022-08-31,201.0,203.1699981689453,198.63999938964844,198.7100067138672,6559000,0.0,0.0,V,Visa Inc.
2022-09-01,198.72000122070312,200.42999267578125,196.66000366210938,200.1300048828125,5608300,0.0,0.0,V,Visa Inc.
2022-09-02,202.44000244140625,202.47999572753906,196.85000610351562,197.75999450683594,4508100,0.0,0.0,V,Visa Inc.
2022-09-06,197.89999389648438,200.0399932861328,196.39999389648438,198.63999938964844,4547800,0.0,0.0,V,Visa Inc.
2022-09-07,198.7100067138672,201.13999938964844,197.22000122070312,200.4199981689453,4098300,0.0,0.0,V,Visa Inc.
2022-09-08,197.39999389648438,201.11000061035156,196.9600067138672,200.7100067138672,4377600,0.0,0.0,V,Visa Inc.
2022-09-09,202.07000732421875,206.39999389648438,201.35000610351562,205.1999969482422,4885600,0.0,0.0,V,Visa Inc.
2022-09-12,206.5,207.19000244140625,204.9499969482422,206.6300048828125,3812300,0.0,0.0,V,Visa Inc.
2022-09-13,202.0500030517578,203.47000122070312,198.8699951171875,199.6699981689453,5217900,0.0,0.0,V,Visa Inc.
2022-09-14,200.0,200.8800048828125,198.05999755859375,199.41000366210938,4632800,0.0,0.0,V,Visa Inc.
2022-09-15,198.08999633789062,200.30999755859375,194.52999877929688,195.3699951171875,6099300,0.0,0.0,V,Visa Inc.
2022-09-16,190.22000122070312,193.82000732421875,188.22000122070312,193.3000030517578,9398200,0.0,0.0,V,Visa Inc.
2022-09-19,191.58999633789062,193.99000549316406,190.7100067138672,193.1300048828125,8133600,0.0,0.0,V,Visa Inc.
2022-09-20,191.10000610351562,193.02999877929688,190.2899932861328,192.07000732421875,5292500,0.0,0.0,V,Visa Inc.
2022-09-21,192.52999877929688,193.08999633789062,187.0,187.02000427246094,6705900,0.0,0.0,V,Visa Inc.
2022-09-22,186.35000610351562,187.2100067138672,184.66000366210938,185.7899932861328,6604700,0.0,0.0,V,Visa Inc.
2022-09-23,183.47000122070312,184.5800018310547,182.22999572753906,183.9600067138672,10755800,0.0,0.0,V,Visa Inc.
2022-09-26,183.0399932861328,184.5,179.89999389648438,180.58999633789062,9914600,0.0,0.0,V,Visa Inc.
2022-09-27,182.50999450683594,184.85000610351562,177.02000427246094,177.8699951171875,9799600,0.0,0.0,V,Visa Inc.
2022-09-28,177.25999450683594,180.10000610351562,174.8300018310547,179.17999267578125,9751000,0.0,0.0,V,Visa Inc.
2022-09-29,178.8300018310547,182.24000549316406,178.72999572753906,180.05999755859375,9105200,0.0,0.0,V,Visa Inc.
2022-09-30,180.05999755859375,182.9199981689453,177.60000610351562,177.64999389648438,9472300,0.0,0.0,V,Visa Inc.
2022-10-03,179.33999633789062,183.36000061035156,178.14999389648438,181.64999389648438,8842300,0.0,0.0,V,Visa Inc.
2022-10-04,185.0500030517578,186.2100067138672,183.07000732421875,185.64999389648438,7081400,0.0,0.0,V,Visa Inc.
2022-10-05,183.33999633789062,188.82000732421875,182.36000061035156,187.6699981689453,6119900,0.0,0.0,V,Visa Inc.
2022-10-06,186.64999389648438,188.0500030517578,185.25,185.58999633789062,5163000,0.0,0.0,V,Visa Inc.
2022-10-07,183.4499969482422,184.61000061035156,181.92999267578125,183.8300018310547,5610300,0.0,0.0,V,Visa Inc.
2022-10-10,184.1300048828125,184.77999877929688,180.89999389648438,182.17999267578125,4743800,0.0,0.0,V,Visa Inc.
2022-10-11,180.3699951171875,181.63999938964844,178.19000244140625,179.13999938964844,6294500,0.0,0.0,V,Visa Inc.
2022-10-12,179.08999633789062,180.58999633789062,178.22000122070312,178.24000549316406,4884300,0.0,0.0,V,Visa Inc.
2022-10-13,175.0,185.3699951171875,174.60000610351562,184.66000366210938,8426400,0.0,0.0,V,Visa Inc.
2022-10-14,186.7899932861328,187.1300048828125,182.07000732421875,182.6199951171875,6449400,0.0,0.0,V,Visa Inc.
2022-10-17,186.0,188.57000732421875,182.85000610351562,185.25,13952100,0.0,0.0,V,Visa Inc.
2022-10-18,189.49000549316406,190.19000244140625,185.74000549316406,187.1699981689453,5209200,0.0,0.0,V,Visa Inc.
2022-10-19,185.49000549316406,187.63999938964844,184.75999450683594,186.41000366210938,4927000,0.0,0.0,V,Visa Inc.
2022-10-20,186.4600067138672,190.97999572753906,186.42999267578125,187.22000122070312,5706700,0.0,0.0,V,Visa Inc.
2022-10-21,185.8000030517578,190.9499969482422,185.0500030517578,190.3699951171875,7582500,0.0,0.0,V,Visa Inc.
2022-10-24,191.41000366210938,193.1300048828125,189.10000610351562,190.7100067138672,7299200,0.0,0.0,V,Visa Inc.
2022-10-25,190.8699951171875,195.22999572753906,190.72000122070312,194.3800048828125,11907200,0.0,0.0,V,Visa Inc.
2022-10-26,196.5800018310547,206.3699951171875,196.5,203.3300018310547,15450000,0.0,0.0,V,Visa Inc.
2022-10-27,203.32000732421875,206.32000732421875,201.58999633789062,204.2899932861328,7946700,0.0,0.0,V,Visa Inc.
2022-10-28,205.0,211.52000427246094,203.30999755859375,209.33999633789062,8455600,0.0,0.0,V,Visa Inc.
2022-10-31,208.9199981689453,209.6199951171875,206.1999969482422,207.16000366210938,8674100,0.0,0.0,V,Visa Inc.
2022-11-01,208.91000366210938,209.97000122070312,205.3300018310547,206.92999267578125,5919500,0.0,0.0,V,Visa Inc.
2022-11-02,205.75999450683594,207.0,200.5800018310547,200.9499969482422,6985600,0.0,0.0,V,Visa Inc.
2022-11-03,198.27999877929688,198.85000610351562,194.17999267578125,194.75,8236200,0.0,0.0,V,Visa Inc.
2022-11-04,197.0,201.4499969482422,195.33999633789062,196.97999572753906,9680100,0.0,0.0,V,Visa Inc.
2022-11-07,198.32000732421875,200.44000244140625,197.1699981689453,200.10000610351562,7821300,0.0,0.0,V,Visa Inc.
2022-11-08,201.66000366210938,204.1199951171875,199.74000549316406,201.77999877929688,6943700,0.0,0.0,V,Visa Inc.
2022-11-09,200.6999969482422,201.3300018310547,193.3300018310547,193.92999267578125,7320200,0.45,0.0,V,Visa Inc.
2022-11-10,203.08999633789062,205.75999450683594,200.02000427246094,205.57000732421875,8048900,0.0,0.0,V,Visa Inc.
2022-11-11,206.0,206.42999267578125,202.14999389648438,205.0,9601000,0.0,0.0,V,Visa Inc.
2022-11-14,203.5,209.1699981689453,203.2100067138672,206.86000061035156,5796100,0.0,0.0,V,Visa Inc.
2022-11-15,209.99000549316406,213.72999572753906,207.50999450683594,209.99000549316406,7316100,0.0,0.0,V,Visa Inc.
2022-11-16,208.5800018310547,210.88999938964844,208.22000122070312,210.13999938964844,6125300,0.0,0.0,V,Visa Inc.
2022-11-17,207.9600067138672,211.27999877929688,207.32000732421875,210.99000549316406,5385600,0.0,0.0,V,Visa Inc.
2022-11-18,213.1699981689453,214.1699981689453,209.74000549316406,210.8000030517578,8028500,0.0,0.0,V,Visa Inc.
2022-11-21,210.3000030517578,210.5500030517578,205.88999938964844,206.32000732421875,10450900,0.0,0.0,V,Visa Inc.
2022-11-22,207.5399932861328,210.47999572753906,205.35000610351562,210.3300018310547,5273100,0.0,0.0,V,Visa Inc.
2022-11-23,210.0,212.8300018310547,209.9199981689453,211.72999572753906,3807300,0.0,0.0,V,Visa Inc.
2022-11-25,211.7100067138672,214.0,211.38999938964844,213.7899932861328,1993500,0.0,0.0,V,Visa Inc.
2022-11-28,212.25999450683594,214.47000122070312,210.64999389648438,211.25999450683594,10229400,0.0,0.0,V,Visa Inc.
2022-11-29,209.35000610351562,210.14999389648438,207.35000610351562,209.05999755859375,8986900,0.0,0.0,V,Visa Inc.
2022-11-30,208.22000122070312,217.0,208.00999450683594,217.0,13918100,0.0,0.0,V,Visa Inc.
2022-12-01,217.0,218.64999389648438,215.3000030517578,217.0,11261500,0.0,0.0,V,Visa Inc.
2022-12-02,215.72999572753906,218.47999572753906,214.24000549316406,217.66000366210938,5132800,0.0,0.0,V,Visa Inc.
2022-12-05,215.64999389648438,216.91000366210938,213.0500030517578,213.67999267578125,9006300,0.0,0.0,V,Visa Inc.
2022-12-06,212.0,212.1300048828125,207.63999938964844,209.0800018310547,5986000,0.0,0.0,V,Visa Inc.
2022-12-07,208.8000030517578,209.02000427246094,205.1300048828125,207.80999755859375,7923800,0.0,0.0,V,Visa Inc.
2022-12-08,209.50999450683594,210.3000030517578,207.75,209.10000610351562,4896500,0.0,0.0,V,Visa Inc.
2022-12-09,207.91000366210938,210.52000427246094,207.52000427246094,208.6999969482422,4928400,0.0,0.0,V,Visa Inc.
2022-12-12,210.0,214.82000732421875,209.47000122070312,214.58999633789062,5941700,0.0,0.0,V,Visa Inc.
2022-12-13,219.5399932861328,219.97999572753906,212.6199951171875,213.0399932861328,14585000,0.0,0.0,V,Visa Inc.
2022-12-14,212.85000610351562,216.27999877929688,211.6300048828125,213.32000732421875,7001700,0.0,0.0,V,Visa Inc.
2022-12-15,209.60000610351562,211.82000732421875,206.82000732421875,207.91000366210938,10831800,0.0,0.0,V,Visa Inc.
2022-12-16,207.49000549316406,208.39999389648438,205.3000030517578,206.88999938964844,12472900,0.0,0.0,V,Visa Inc.
2022-12-19,206.6300048828125,207.47000122070312,203.9499969482422,204.82000732421875,4893600,0.0,0.0,V,Visa Inc.
2022-12-20,203.8800048828125,206.52999877929688,203.5500030517578,205.36000061035156,5024900,0.0,0.0,V,Visa Inc.
2022-12-21,206.57000732421875,207.9600067138672,205.5800018310547,206.80999755859375,4086900,0.0,0.0,V,Visa Inc.
2022-12-22,205.75,206.64999389648438,202.1300048828125,205.05999755859375,5690300,0.0,0.0,V,Visa Inc.
2022-12-23,204.1300048828125,206.24000549316406,203.52000427246094,205.8300018310547,3246000,0.0,0.0,V,Visa Inc.
2022-12-27,205.9199981689453,206.8800048828125,204.60000610351562,206.2899932861328,2904900,0.0,0.0,V,Visa Inc.
2022-12-28,206.67999267578125,208.52999877929688,204.8000030517578,204.99000549316406,3139200,0.0,0.0,V,Visa Inc.
2022-12-29,205.9499969482422,208.52999877929688,205.5,208.05999755859375,3675500,0.0,0.0,V,Visa Inc.
2022-12-30,206.30999755859375,208.0399932861328,205.6999969482422,207.75999450683594,4159400,0.0,0.0,V,Visa Inc.
2023-01-03,209.27999877929688,212.3300018310547,206.16000366210938,207.38999938964844,4202800,0.0,0.0,V,Visa Inc.
2023-01-04,209.6199951171875,213.1999969482422,209.6199951171875,212.61000061035156,6606200,0.0,0.0,V,Visa Inc.
2023-01-05,213.8000030517578,214.16000366210938,210.4600067138672,211.11000061035156,5246000,0.0,0.0,V,Visa Inc.
2023-01-06,214.0,218.13999938964844,213.08999633789062,217.75,6829700,0.0,0.0,V,Visa Inc.
2023-01-09,219.07000732421875,222.2100067138672,218.35000610351562,218.60000610351562,6294500,0.0,0.0,V,Visa Inc.
2023-01-10,218.99000549316406,222.38999938964844,218.17999267578125,221.08999633789062,10857000,0.0,0.0,V,Visa Inc.
2023-01-11,221.2899932861328,222.17999267578125,219.6999969482422,222.10000610351562,5408200,0.0,0.0,V,Visa Inc.
2023-01-12,222.10000610351562,223.80999755859375,220.61000061035156,223.6199951171875,4264400,0.0,0.0,V,Visa Inc.
2023-01-13,221.91000366210938,223.75999450683594,220.13999938964844,223.05999755859375,4283200,0.0,0.0,V,Visa Inc.
2023-01-17,222.3800048828125,224.39999389648438,222.3699951171875,223.0,6101100,0.0,0.0,V,Visa Inc.
2023-01-18,224.0800018310547,224.99000549316406,219.44000244140625,219.4600067138672,6558000,0.0,0.0,V,Visa Inc.
2023-01-19,218.10000610351562,221.52000427246094,217.5,220.41000366210938,4853100,0.0,0.0,V,Visa Inc.
2023-01-20,221.13999938964844,224.42999267578125,220.41000366210938,224.30999755859375,5211000,0.0,0.0,V,Visa Inc.
2023-01-23,224.60000610351562,226.1999969482422,223.14999389648438,224.17999267578125,5501500,0.0,0.0,V,Visa Inc.
2023-01-24,222.02000427246094,230.0,216.6300048828125,223.88999938964844,5274900,0.0,0.0,V,Visa Inc.
2023-01-25,221.6199951171875,224.97000122070312,221.1699981689453,224.89999389648438,4729600,0.0,0.0,V,Visa Inc.
2023-01-26,226.0,227.0800018310547,223.6699981689453,224.7100067138672,7043400,0.0,0.0,V,Visa Inc.
2023-01-27,228.0,232.83999633789062,227.25,231.44000244140625,11382600,0.0,0.0,V,Visa Inc.
2023-01-30,230.1999969482422,230.4199981689453,227.92999267578125,229.10000610351562,5677400,0.0,0.0,V,Visa Inc.
2023-01-31,228.80999755859375,230.8000030517578,228.4499969482422,230.2100067138672,11294200,0.0,0.0,V,Visa Inc.
2023-02-01,229.3699951171875,232.66000366210938,227.8000030517578,230.89999389648438,5792700,0.0,0.0,V,Visa Inc.
2023-02-02,233.9600067138672,234.3000030517578,228.3699951171875,229.55999755859375,7190000,0.0,0.0,V,Visa Inc.
2023-02-03,228.69000244140625,230.86000061035156,227.63999938964844,230.1300048828125,5243600,0.0,0.0,V,Visa Inc.
2023-02-06,228.6999969482422,230.25999450683594,228.0399932861328,229.44000244140625,3402400,0.0,0.0,V,Visa Inc.
2023-02-07,228.02000427246094,232.1300048828125,227.9499969482422,231.32000732421875,4042600,0.0,0.0,V,Visa Inc.
2023-02-08,230.33999633789062,231.86000061035156,229.99000549316406,230.1999969482422,4978600,0.0,0.0,V,Visa Inc.
2023-02-09,232.41000366210938,232.47999572753906,229.1300048828125,229.35000610351562,5238400,0.45,0.0,V,Visa Inc.
2023-02-10,228.9600067138672,229.91000366210938,226.16000366210938,227.1999969482422,4509700,0.0,0.0,V,Visa Inc.
2023-02-13,226.8800048828125,229.8300018310547,226.27000427246094,228.8800048828125,4946700,0.0,0.0,V,Visa Inc.
2023-02-14,228.6699981689453,231.4199981689453,227.1699981689453,229.38999938964844,4829400,0.0,0.0,V,Visa Inc.
2023-02-15,227.58999633789062,229.07000732421875,226.8000030517578,228.9199981689453,4407300,0.0,0.0,V,Visa Inc.
2023-02-16,226.07000732421875,228.36000061035156,225.6699981689453,225.8300018310547,3865900,0.0,0.0,V,Visa Inc.
2023-02-17,224.17999267578125,224.77000427246094,221.74000549316406,223.55999755859375,4520200,0.0,0.0,V,Visa Inc.
2023-02-21,220.16000366210938,222.44000244140625,219.99000549316406,220.6199951171875,7276100,0.0,0.0,V,Visa Inc.
2023-02-22,220.41000366210938,221.75,219.4499969482422,220.02000427246094,4621800,0.0,0.0,V,Visa Inc.
2023-02-23,221.55999755859375,222.08999633789062,218.92999267578125,221.1300048828125,5533800,0.0,0.0,V,Visa Inc.
2023-02-24,218.47999572753906,220.24000549316406,217.4600067138672,219.5500030517578,4414400,0.0,0.0,V,Visa Inc.
2023-02-27,220.72999572753906,221.44000244140625,219.33999633789062,220.35000610351562,4255300,0.0,0.0,V,Visa Inc.
2023-02-28,220.0,221.77000427246094,219.5,219.94000244140625,5385400,0.0,0.0,V,Visa Inc.
2023-03-01,219.4600067138672,220.27000427246094,216.42999267578125,218.36000061035156,4792700,0.0,0.0,V,Visa Inc.
2023-03-02,217.88999938964844,219.60000610351562,217.08999633789062,219.05999755859375,5539300,0.0,0.0,V,Visa Inc.
2023-03-03,220.1999969482422,224.02000427246094,219.89999389648438,223.77000427246094,6055400,0.0,0.0,V,Visa Inc.
2023-03-06,223.92999267578125,227.4199981689453,223.69000244140625,226.75,5737600,0.0,0.0,V,Visa Inc.
2023-03-07,226.75,227.3800048828125,223.0800018310547,223.1699981689453,4386800,0.0,0.0,V,Visa Inc.
2023-03-08,221.9600067138672,222.92999267578125,221.17999267578125,222.19000244140625,4194900,0.0,0.0,V,Visa Inc.
2023-03-09,221.39999389648438,224.3699951171875,219.66000366210938,220.00999450683594,5066700,0.0,0.0,V,Visa Inc.
2023-03-10,219.02999877929688,219.1199951171875,215.47999572753906,216.13999938964844,6638900,0.0,0.0,V,Visa Inc.
2023-03-13,214.6300048828125,217.85000610351562,212.5,214.47000122070312,6810800,0.0,0.0,V,Visa Inc.
2023-03-14,218.0,219.8699951171875,216.0399932861328,218.66000366210938,7985600,0.0,0.0,V,Visa Inc.
2023-03-15,214.41000366210938,216.91000366210938,213.6699981689453,216.3699951171875,8372200,0.0,0.0,V,Visa Inc.
2023-03-16,215.1699981689453,217.5800018310547,208.75999450683594,217.4499969482422,13674600,0.0,0.0,V,Visa Inc.
2023-03-17,214.8699951171875,218.66000366210938,214.8699951171875,217.38999938964844,18801200,0.0,0.0,V,Visa Inc.
2023-03-20,217.0,220.5500030517578,216.83999633789062,218.14999389648438,9817400,0.0,0.0,V,Visa Inc.
2023-03-21,221.33999633789062,222.50999450683594,218.67999267578125,221.9499969482422,8971400,0.0,0.0,V,Visa Inc.
2023-03-22,222.5,224.89999389648438,219.9199981689453,220.0399932861328,6700600,0.0,0.0,V,Visa Inc.
2023-03-23,220.44000244140625,225.25,220.25999450683594,222.58999633789062,6427700,0.0,0.0,V,Visa Inc.
2023-03-24,220.6699981689453,221.3300018310547,218.25,221.0399932861328,4791500,0.0,0.0,V,Visa Inc.
2023-03-27,222.58999633789062,224.0800018310547,221.38999938964844,221.80999755859375,7210900,0.0,0.0,V,Visa Inc.
2023-03-28,222.82000732421875,223.3300018310547,218.64999389648438,220.3300018310547,6418400,0.0,0.0,V,Visa Inc.
2023-03-29,222.2899932861328,223.5500030517578,220.9199981689453,223.3000030517578,4483000,0.0,0.0,V,Visa Inc.
2023-03-30,223.9199981689453,224.24000549316406,221.2100067138672,222.36000061035156,5383900,0.0,0.0,V,Visa Inc.
2023-03-31,223.60000610351562,225.83999633789062,223.2899932861328,225.4600067138672,9509000,0.0,0.0,V,Visa Inc.
2023-04-03,225.22999572753906,229.16000366210938,224.1199951171875,229.0,6421500,0.0,0.0,V,Visa Inc.
2023-04-04,229.0,230.0500030517578,226.8300018310547,227.66000366210938,5254700,0.0,0.0,V,Visa Inc.
2023-04-05,226.77999877929688,228.47000122070312,226.5500030517578,228.1699981689453,4813600,0.0,0.0,V,Visa Inc.
2023-04-06,226.16000366210938,226.72999572753906,224.67999267578125,225.99000549316406,4285200,0.0,0.0,V,Visa Inc.
2023-04-10,225.55999755859375,226.47999572753906,224.32000732421875,226.42999267578125,4952200,0.0,0.0,V,Visa Inc.
2023-04-11,227.0,229.13999938964844,226.1999969482422,228.4499969482422,4513300,0.0,0.0,V,Visa Inc.
2023-04-12,229.92999267578125,231.58999633789062,227.3300018310547,227.80999755859375,4373000,0.0,0.0,V,Visa Inc.
2023-04-13,229.4600067138672,232.83999633789062,228.8000030517578,232.69000244140625,7615500,0.0,0.0,V,Visa Inc.
2023-04-14,232.99000549316406,234.99000549316406,232.24000549316406,234.02000427246094,9781300,0.0,0.0,V,Visa Inc.
2023-04-17,234.02000427246094,234.0500030517578,230.94000244140625,233.47999572753906,4865000,0.0,0.0,V,Visa Inc.
2023-04-18,233.75,234.3300018310547,231.69000244140625,233.60000610351562,4796200,0.0,0.0,V,Visa Inc.
2023-04-19,234.0,234.05999755859375,231.85000610351562,232.57000732421875,3833900,0.0,0.0,V,Visa Inc.
2023-04-20,232.4600067138672,234.6699981689453,231.5,234.60000610351562,4925700,0.0,0.0,V,Visa Inc.
2023-04-21,235.0,235.57000732421875,233.3800048828125,234.0500030517578,6771500,0.0,0.0,V,Visa Inc.
2023-04-24,234.22999572753906,235.14999389648438,231.50999450683594,232.75999450683594,9124100,0.0,0.0,V,Visa Inc.
2023-04-25,233.02000427246094,235.02000427246094,229.42999267578125,229.58999633789062,6076500,0.0,0.0,V,Visa Inc.
2023-04-26,231.22000122070312,232.77000427246094,226.72000122070312,228.14999389648438,8400400,0.0,0.0,V,Visa Inc.
2023-04-27,228.6699981689453,229.6300048828125,226.61000061035156,229.00999450683594,7128200,0.0,0.0,V,Visa Inc.
2023-04-28,228.64999389648438,233.57000732421875,228.05999755859375,232.72999572753906,11627900,0.0,0.0,V,Visa Inc.
2023-05-01,232.8699951171875,234.58999633789062,231.50999450683594,232.50999450683594,4571100,0.0,0.0,V,Visa Inc.
2023-05-02,231.9499969482422,232.3699951171875,226.2100067138672,226.97999572753906,5244000,0.0,0.0,V,Visa Inc.
2023-05-03,226.97999572753906,228.6699981689453,225.9199981689453,225.97999572753906,4093300,0.0,0.0,V,Visa Inc.
2023-05-04,224.83999633789062,226.05999755859375,223.47999572753906,225.60000610351562,5648700,0.0,0.0,V,Visa Inc.
2023-05-05,228.33999633789062,232.33999633789062,227.2899932861328,231.77999877929688,6237000,0.0,0.0,V,Visa Inc.
2023-05-08,231.25,233.4499969482422,231.25,232.22999572753906,2938400,0.0,0.0,V,Visa Inc.
2023-05-09,231.0800018310547,234.08999633789062,230.82000732421875,233.25999450683594,4352100,0.0,0.0,V,Visa Inc.
2023-05-10,234.3000030517578,234.80999755859375,228.89999389648438,231.27000427246094,5245000,0.0,0.0,V,Visa Inc.
2023-05-11,230.75,231.52000427246094,228.27000427246094,231.00999450683594,3818000,0.45,0.0,V,Visa Inc.
2023-05-12,232.0,232.72999572753906,229.82000732421875,231.3800048828125,3430300,0.0,0.0,V,Visa Inc.
2023-05-15,231.19000244140625,232.8300018310547,230.5500030517578,232.80999755859375,2843200,0.0,0.0,V,Visa Inc.
2023-05-16,232.55999755859375,233.10000610351562,229.6300048828125,230.47000122070312,4289700,0.0,0.0,V,Visa Inc.
2023-05-17,232.72999572753906,233.88999938964844,230.5500030517578,232.64999389648438,4990100,0.0,0.0,V,Visa Inc.
2023-05-18,232.39999389648438,234.14999389648438,231.1300048828125,233.60000610351562,6621900,0.0,0.0,V,Visa Inc.
2023-05-19,234.0,234.33999633789062,231.94000244140625,233.30999755859375,5399100,0.0,0.0,V,Visa Inc.
2023-05-22,233.30999755859375,233.8699951171875,231.17999267578125,231.27999877929688,3987800,0.0,0.0,V,Visa Inc.
2023-05-23,229.27000427246094,229.49000549316406,223.66000366210938,224.5800018310547,8537200,0.0,0.0,V,Visa Inc.
2023-05-24,222.5500030517578,223.10000610351562,220.02999877929688,222.25,6730800,0.0,0.0,V,Visa Inc.
2023-05-25,222.4499969482422,224.69000244140625,220.49000549316406,223.3800048828125,6827600,0.0,0.0,V,Visa Inc.
2023-05-26,223.82000732421875,226.2100067138672,223.33999633789062,225.00999450683594,5067300,0.0,0.0,V,Visa Inc.
2023-05-30,225.00999450683594,225.47000122070312,219.75,221.63999938964844,6916000,0.0,0.0,V,Visa Inc.
2023-05-31,219.9600067138672,221.52999877929688,216.13999938964844,221.02999877929688,20460600,0.0,0.0,V,Visa Inc.
2023-06-01,222.72999572753906,226.7100067138672,222.42999267578125,226.5,7003600,0.0,0.0,V,Visa Inc.
2023-06-02,228.80999755859375,230.27000427246094,227.4199981689453,228.7899932861328,5895500,0.0,0.0,V,Visa Inc.
2023-06-05,227.91000366210938,228.3300018310547,225.30999755859375,226.77000427246094,4858900,0.0,0.0,V,Visa Inc.
2023-06-06,226.69000244140625,229.25,226.16000366210938,228.22000122070312,6020100,0.0,0.0,V,Visa Inc.
2023-06-07,227.0,227.5500030517578,221.02000427246094,225.27000427246094,8517200,0.0,0.0,V,Visa Inc.
2023-06-08,225.08999633789062,225.13999938964844,222.41000366210938,223.0500030517578,6248200,0.0,0.0,V,Visa Inc.
2023-06-09,223.63999938964844,225.17999267578125,222.75999450683594,223.55999755859375,6385000,0.0,0.0,V,Visa Inc.
2023-06-12,224.41000366210938,226.4499969482422,223.6300048828125,226.1699981689453,8621100,0.0,0.0,V,Visa Inc.
2023-06-13,225.6199951171875,227.14999389648438,222.6300048828125,223.39999389648438,6868700,0.0,0.0,V,Visa Inc.
2023-06-14,223.74000549316406,225.47000122070312,222.5800018310547,223.44000244140625,9160700,0.0,0.0,V,Visa Inc.
2023-06-15,222.02000427246094,227.11000061035156,221.3699951171875,226.1699981689453,12534000,0.0,0.0,V,Visa Inc.
2023-06-16,226.4499969482422,229.8000030517578,226.0800018310547,228.91000366210938,13628500,0.0,0.0,V,Visa Inc.
2023-06-20,227.0,229.57000732421875,226.17999267578125,226.47000122070312,12312300,0.0,0.0,V,Visa Inc.
2023-06-21,226.1199951171875,228.6300048828125,224.97999572753906,227.25,7032100,0.0,0.0,V,Visa Inc.
2023-06-22,226.36000061035156,228.92999267578125,225.5,228.38999938964844,6275500,0.0,0.0,V,Visa Inc.
2023-06-23,227.22000122070312,229.97999572753906,226.38999938964844,229.5500030517578,5422500,0.0,0.0,V,Visa Inc.
2023-06-26,229.44000244140625,230.10000610351562,226.1999969482422,226.3000030517578,5165400,0.0,0.0,V,Visa Inc.
2023-06-27,227.47999572753906,228.61000061035156,226.52000427246094,227.33999633789062,4628500,0.0,0.0,V,Visa Inc.
2023-06-28,227.5,228.05999755859375,226.02000427246094,227.9600067138672,5324500,0.0,0.0,V,Visa Inc.
2023-06-29,228.7899932861328,234.6999969482422,228.60000610351562,234.32000732421875,7118900,0.0,0.0,V,Visa Inc.
2023-06-30,236.27000427246094,238.27999877929688,235.9499969482422,237.47999572753906,6879100,0.0,0.0,V,Visa Inc.
2023-07-03,237.0,238.39999389648438,235.41000366210938,237.97000122070312,3087400,0.0,0.0,V,Visa Inc.
2023-07-05,234.41000366210938,240.0,233.99000549316406,239.4499969482422,7601200,0.0,0.0,V,Visa Inc.
2023-07-06,238.27000427246094,239.60000610351562,236.69000244140625,238.8800048828125,6441800,0.0,0.0,V,Visa Inc.
2023-07-07,236.72999572753906,238.44000244140625,236.1300048828125,236.4499969482422,5729200,0.0,0.0,V,Visa Inc.
2023-07-10,237.00999450683594,239.10000610351562,236.5,238.16000366210938,4858900,0.0,0.0,V,Visa Inc.
2023-07-11,238.80999755859375,240.6999969482422,238.1199951171875,240.5500030517578,3857100,0.0,0.0,V,Visa Inc.
2023-07-12,241.5500030517578,243.9499969482422,241.22999572753906,242.2100067138672,6116000,0.0,0.0,V,Visa Inc.
2023-07-13,243.7899932861328,244.27000427246094,243.14999389648438,243.30999755859375,5819600,0.0,0.0,V,Visa Inc.
2023-07-14,244.72999572753906,244.74000549316406,241.9600067138672,243.16000366210938,4940600,0.0,0.0,V,Visa Inc.
2023-07-17,243.11000061035156,245.3699951171875,243.0,243.99000549316406,4328100,0.0,0.0,V,Visa Inc.
2023-07-18,243.10000610351562,243.17999267578125,237.67999267578125,240.77000427246094,7674700,0.0,0.0,V,Visa Inc.
2023-07-19,241.25,242.58999633789062,240.1199951171875,241.4199981689453,4835500,0.0,0.0,V,Visa Inc.
2023-07-20,241.16000366210938,241.61000061035156,239.07000732421875,239.6199951171875,4695000,0.0,0.0,V,Visa Inc.
2023-07-21,239.74000549316406,240.35000610351562,238.72999572753906,239.25,5426800,0.0,0.0,V,Visa Inc.
2023-07-24,239.67999267578125,241.27999877929688,238.19000244140625,240.74000549316406,6010000,0.0,0.0,V,Visa Inc.
2023-07-25,240.02000427246094,240.8000030517578,238.55999755859375,238.69000244140625,4997500,0.0,0.0,V,Visa Inc.
2023-07-26,231.4199981689453,238.85000610351562,227.67999267578125,237.10000610351562,7551400,0.0,0.0,V,Visa Inc.
2023-07-27,237.4199981689453,238.66000366210938,232.9600067138672,234.44000244140625,8160100,0.0,0.0,V,Visa Inc.
2023-07-28,234.5800018310547,235.8800048828125,233.7100067138672,235.75,6794800,0.0,0.0,V,Visa Inc.
2023-07-31,236.0,238.4199981689453,236.0,237.72999572753906,4799600,0.0,0.0,V,Visa Inc.
2023-08-01,237.13999938964844,240.72999572753906,237.0,239.77999877929688,4627300,0.0,0.0,V,Visa Inc.
2023-08-02,238.6300048828125,238.7899932861328,236.7899932861328,237.55999755859375,4868200,0.0,0.0,V,Visa Inc.
2023-08-03,236.0,239.0500030517578,235.25,238.75999450683594,5033800,0.0,0.0,V,Visa Inc.
2023-08-04,238.0,241.91000366210938,237.83999633789062,238.99000549316406,5167700,0.0,0.0,V,Visa Inc.
2023-08-07,239.22000122070312,242.17999267578125,239.2100067138672,241.50999450683594,5649800,0.0,0.0,V,Visa Inc.
2023-08-08,240.4199981689453,241.36000061035156,237.38999938964844,239.2899932861328,5080600,0.0,0.0,V,Visa Inc.
2023-08-09,240.5,241.97000122070312,239.49000549316406,239.75999450683594,4055000,0.0,0.0,V,Visa Inc.
2023-08-10,240.6199951171875,243.9499969482422,240.08999633789062,240.16000366210938,4778000,0.45,0.0,V,Visa Inc.
2023-08-11,240.0,240.72000122070312,238.4199981689453,240.0399932861328,3606800,0.0,0.0,V,Visa Inc.
2023-08-14,240.72000122070312,243.3300018310547,240.25999450683594,242.89999389648438,4351100,0.0,0.0,V,Visa Inc.
2023-08-15,242.00999450683594,242.6699981689453,239.35000610351562,239.8300018310547,3770100,0.0,0.0,V,Visa Inc.
2023-08-16,236.52999877929688,241.07000732421875,236.02000427246094,239.2899932861328,3218600,0.0,0.0,V,Visa Inc.
2023-08-17,240.0,240.3800048828125,236.49000549316406,237.3699951171875,4177600,0.0,0.0,V,Visa Inc.
2023-08-18,235.5800018310547,239.0500030517578,235.3000030517578,238.1699981689453,4344800,0.0,0.0,V,Visa Inc.
2023-08-21,239.3800048828125,240.52999877929688,237.75999450683594,239.4600067138672,3573600,0.0,0.0,V,Visa Inc.
2023-08-22,240.0,241.42999267578125,238.6699981689453,240.57000732421875,3848700,0.0,0.0,V,Visa Inc.
2023-08-23,241.32000732421875,242.5399932861328,240.72000122070312,242.3000030517578,4947700,0.0,0.0,V,Visa Inc.
2023-08-24,242.25,243.55999755859375,239.36000061035156,239.47000122070312,4570700,0.0,0.0,V,Visa Inc.
2023-08-25,241.3800048828125,243.41000366210938,240.2100067138672,242.57000732421875,3541500,0.0,0.0,V,Visa Inc.
2023-08-28,243.00999450683594,245.22999572753906,242.60000610351562,243.8300018310547,3741500,0.0,0.0,V,Visa Inc.
2023-08-29,243.5,245.8300018310547,243.39999389648438,245.33999633789062,3975600,0.0,0.0,V,Visa Inc.
2023-08-30,246.4199981689453,248.22999572753906,246.0500030517578,246.22999572753906,4573300,0.0,0.0,V,Visa Inc.
2023-08-31,245.58999633789062,248.02000427246094,245.4499969482422,245.67999267578125,5532600,0.0,0.0,V,Visa Inc.
2023-09-01,247.47000122070312,248.8699951171875,246.77000427246094,248.11000061035156,4111800,0.0,0.0,V,Visa Inc.
2023-09-05,248.35000610351562,248.69000244140625,245.1999969482422,245.33999633789062,4459600,0.0,0.0,V,Visa Inc.
2023-09-06,245.4199981689453,246.66000366210938,244.2100067138672,246.16000366210938,4520300,0.0,0.0,V,Visa Inc.
2023-09-07,245.5,247.39999389648438,245.11000061035156,247.13999938964844,4007900,0.0,0.0,V,Visa Inc.
2023-09-08,247.7899932861328,248.13999938964844,246.44000244140625,247.2899932861328,3309100,0.0,0.0,V,Visa Inc.
2023-09-11,247.3300018310547,248.36000061035156,246.27000427246094,247.22000122070312,2995800,0.0,0.0,V,Visa Inc.
2023-09-12,246.94000244140625,247.75999450683594,246.00999450683594,247.3000030517578,3499600,0.0,0.0,V,Visa Inc.
2023-09-13,247.14999389648438,250.05999755859375,246.61000061035156,247.8300018310547,5657000,0.0,0.0,V,Visa Inc.
2023-09-14,245.0,245.5399932861328,238.75,241.5,12000000,0.0,0.0,V,Visa Inc.
2023-09-15,241.89999389648438,244.10000610351562,240.02999877929688,241.07000732421875,13051300,0.0,0.0,V,Visa Inc.
2023-09-18,240.94000244140625,245.22999572753906,240.77000427246094,244.66000366210938,4771600,0.0,0.0,V,Visa Inc.
2023-09-19,245.0,245.1199951171875,241.4600067138672,243.55999755859375,4709000,0.0,0.0,V,Visa Inc.
2023-09-20,243.6300048828125,244.52999877929688,241.6699981689453,241.86000061035156,5756600,0.0,0.0,V,Visa Inc.
2023-09-21,240.77000427246094,240.77999877929688,236.27000427246094,236.61000061035156,6881500,0.0,0.0,V,Visa Inc.
2023-09-22,236.75,237.7899932861328,234.8800048828125,235.0800018310547,5935500,0.0,0.0,V,Visa Inc.
2023-09-25,235.3800048828125,235.47000122070312,232.2100067138672,233.36000061035156,5921600,0.0,0.0,V,Visa Inc.
2023-09-26,231.92999267578125,232.6699981689453,229.60000610351562,229.64999389648438,6193200,0.0,0.0,V,Visa Inc.
2023-09-27,230.25999450683594,230.67999267578125,227.9199981689453,229.5,6006700,0.0,0.0,V,Visa Inc.
2023-09-28,230.6699981689453,232.5399932861328,229.6699981689453,231.66000366210938,4203900,0.0,0.0,V,Visa Inc.
2023-09-29,232.83999633789062,233.02999877929688,229.64999389648438,230.00999450683594,6044200,0.0,0.0,V,Visa Inc.
2023-10-02,229.24000549316406,231.3699951171875,228.77000427246094,231.27000427246094,5175200,0.0,0.0,V,Visa Inc.
2023-10-03,230.47000122070312,231.75,227.77999877929688,228.80999755859375,5585700,0.0,0.0,V,Visa Inc.
2023-10-04,229.47999572753906,231.6999969482422,228.8800048828125,231.22000122070312,5430900,0.0,0.0,V,Visa Inc.
2023-10-05,230.41000366210938,234.19000244140625,230.22000122070312,233.47999572753906,6126200,0.0,0.0,V,Visa Inc.
2023-10-06,233.1699981689453,236.58999633789062,232.75,235.0399932861328,6401000,0.0,0.0,V,Visa Inc.
2023-10-09,232.8000030517578,235.1699981689453,231.6999969482422,234.44000244140625,5372200,0.0,0.0,V,Visa Inc.
2023-10-10,234.89999389648438,238.22000122070312,234.27999877929688,236.60000610351562,4644000,0.0,0.0,V,Visa Inc.
2023-10-11,237.5500030517578,238.50999450683594,234.88999938964844,235.67999267578125,4760900,0.0,0.0,V,Visa Inc.
2023-10-12,236.7100067138672,237.72999572753906,234.88999938964844,236.77999877929688,4472800,0.0,0.0,V,Visa Inc.
2023-10-13,236.38999938964844,238.64999389648438,236.22999572753906,237.6699981689453,4966800,0.0,0.0,V,Visa Inc.
2023-10-16,239.0,240.7100067138672,238.3300018310547,240.07000732421875,6227300,0.0,0.0,V,Visa Inc.
2023-10-17,239.6300048828125,241.47999572753906,238.2899932861328,241.1999969482422,4527600,0.0,0.0,V,Visa Inc.
2023-10-18,239.9600067138672,240.8300018310547,236.99000549316406,237.47000122070312,9528300,0.0,0.0,V,Visa Inc.
2023-10-19,237.47000122070312,237.9199981689453,233.41000366210938,233.80999755859375,5927400,0.0,0.0,V,Visa Inc.
2023-10-20,234.1300048828125,235.77000427246094,232.63999938964844,233.3800048828125,5748300,0.0,0.0,V,Visa Inc.
2023-10-23,231.36000061035156,234.4600067138672,231.27999877929688,231.52999877929688,5071700,0.0,0.0,V,Visa Inc.
2023-10-24,232.88999938964844,236.52999877929688,232.88999938964844,234.64999389648438,6844100,0.0,0.0,V,Visa Inc.
2023-10-25,232.25,238.47999572753906,231.2899932861328,236.85000610351562,10365300,0.0,0.0,V,Visa Inc.
2023-10-26,234.57000732421875,235.61000061035156,230.36000061035156,231.27999877929688,6414500,0.0,0.0,V,Visa Inc.
2023-10-27,231.1699981689453,231.38999938964844,228.02999877929688,229.27000427246094,5540900,0.0,0.0,V,Visa Inc.
2023-10-30,232.19000244140625,233.3800048828125,230.02999877929688,233.0800018310547,5170300,0.0,0.0,V,Visa Inc.
2023-10-31,233.57000732421875,235.72000122070312,232.99000549316406,235.10000610351562,4828400,0.0,0.0,V,Visa Inc.
2023-11-01,236.13999938964844,239.0399932861328,235.67999267578125,238.5800018310547,4996200,0.0,0.0,V,Visa Inc.
2023-11-02,239.91000366210938,243.25,239.1999969482422,243.25,6286700,0.0,0.0,V,Visa Inc.
2023-11-03,245.1199951171875,245.32000732421875,242.25999450683594,243.60000610351562,5029800,0.0,0.0,V,Visa Inc.
2023-11-06,244.0,244.77999877929688,242.61000061035156,243.49000549316406,5254100,0.0,0.0,V,Visa Inc.
2023-11-07,243.41000366210938,245.07000732421875,243.3800048828125,244.77000427246094,4219700,0.0,0.0,V,Visa Inc.
2023-11-08,243.49000549316406,244.75,242.8000030517578,243.91000366210938,5117500,0.52,0.0,V,Visa Inc.
2023-11-09,244.3300018310547,244.47999572753906,240.97000122070312,241.63999938964844,4866600,0.0,0.0,V,Visa Inc.
2023-11-10,243.97999572753906,245.27000427246094,241.97000122070312,245.25,4094400,0.0,0.0,V,Visa Inc.
2023-11-13,245.0,245.67999267578125,244.11000061035156,244.6699981689453,4088500,0.0,0.0,V,Visa Inc.
2023-11-14,246.1699981689453,247.92999267578125,245.5800018310547,246.94000244140625,14092000,0.0,0.0,V,Visa Inc.
2023-11-15,246.80999755859375,248.24000549316406,245.33999633789062,248.11000061035156,13258900,0.0,0.0,V,Visa Inc.
2023-11-16,248.58999633789062,249.4499969482422,247.27000427246094,248.57000732421875,7051600,0.0,0.0,V,Visa Inc.
2023-11-17,249.4499969482422,250.24000549316406,248.66000366210938,249.55999755859375,7238200,0.0,0.0,V,Visa Inc.
2023-11-20,249.61000061035156,250.92999267578125,245.60000610351562,249.97000122070312,8604200,0.0,0.0,V,Visa Inc.
2023-11-21,250.02999877929688,253.33999633789062,250.02999877929688,252.22999572753906,7213700,0.0,0.0,V,Visa Inc.
2023-11-22,253.0,254.5399932861328,252.66000366210938,253.72000122070312,5701400,0.0,0.0,V,Visa Inc.
2023-11-24,254.19000244140625,254.6999969482422,253.5,254.3000030517578,1640900,0.0,0.0,V,Visa Inc.
2023-11-27,254.3000030517578,254.97999572753906,252.52000427246094,254.13999938964844,5478900,0.0,0.0,V,Visa Inc.
2023-11-28,253.85000610351562,254.14999389648438,251.61000061035156,252.94000244140625,5234900,0.0,0.0,V,Visa Inc.
2023-11-29,253.9199981689453,256.07000732421875,253.52000427246094,254.22999572753906,4955100,0.0,0.0,V,Visa Inc.
2023-11-30,254.25,256.7699890136719,253.1699981689453,256.67999267578125,6874700,0.0,0.0,V,Visa Inc.
2023-12-01,255.7899932861328,256.9100036621094,253.89999389648438,256.45001220703125,3939400,0.0,0.0,V,Visa Inc.
2023-12-04,255.91000366210938,257.3900146484375,254.35000610351562,254.44000244140625,5247500,0.0,0.0,V,Visa Inc.
2023-12-05,254.19000244140625,254.82000732421875,252.13999938964844,254.61000061035156,4199100,0.0,0.0,V,Visa Inc.
2023-12-06,255.8000030517578,256.8299865722656,253.52999877929688,254.2899932861328,3874000,0.0,0.0,V,Visa Inc.
2023-12-07,254.88999938964844,256.1400146484375,253.5,255.82000732421875,3589300,0.0,0.0,V,Visa Inc.
2023-12-08,255.0,256.0400085449219,253.8699951171875,255.74000549316406,3732300,0.0,0.0,V,Visa Inc.
2023-12-11,255.0,257.6300048828125,255.0,256.5199890136719,6479300,0.0,0.0,V,Visa Inc.
2023-12-12,257.29998779296875,259.7200012207031,256.3999938964844,259.55999755859375,5946600,0.0,0.0,V,Visa Inc.
2023-12-13,259.1499938964844,262.4800109863281,258.69000244140625,262.3800048828125,4859900,0.0,0.0,V,Visa Inc.
2023-12-14,263.19000244140625,263.25,256.3999938964844,258.7300109863281,8168700,0.0,0.0,V,Visa Inc.
2023-12-15,254.50999450683594,258.3699951171875,254.4499969482422,258.0299987792969,13373600,0.0,0.0,V,Visa Inc.
2023-12-18,258.70001220703125,259.5899963378906,257.95001220703125,258.3699951171875,6041100,0.0,0.0,V,Visa Inc.
2023-12-19,258.6099853515625,260.3399963378906,257.20001220703125,259.989990234375,8731200,0.0,0.0,V,Visa Inc.
2023-12-20,260.5,260.82000732421875,257.0799865722656,257.1099853515625,7240900,0.0,0.0,V,Visa Inc.
2023-12-21,257.510009765625,259.989990234375,257.0400085449219,259.5400085449219,6246700,0.0,0.0,V,Visa Inc.
2023-12-22,260.0,261.2099914550781,258.2200012207031,258.42999267578125,5111500,0.0,0.0,V,Visa Inc.
2023-12-26,258.5299987792969,259.739990234375,258.5299987792969,259.1600036621094,2085100,0.0,0.0,V,Visa Inc.
2023-12-27,259.25,259.7699890136719,258.30999755859375,258.92999267578125,4034700,0.0,0.0,V,Visa Inc.
2023-12-28,258.5400085449219,260.9700012207031,258.5400085449219,260.3999938964844,3020500,0.0,0.0,V,Visa Inc.
2023-12-29,260.57000732421875,261.4599914550781,259.6700134277344,260.3500061035156,4074600,0.0,0.0,V,Visa Inc.
2024-01-02,259.6099853515625,260.0899963378906,257.6700134277344,258.8699951171875,5471000,0.0,0.0,V,Visa Inc.
2024-01-03,258.54998779296875,258.8599853515625,256.8599853515625,257.9800109863281,4148300,0.0,0.0,V,Visa Inc.
2024-01-04,258.07000732421875,261.0400085449219,258.0,259.6099853515625,3843000,0.0,0.0,V,Visa Inc.
2024-01-05,260.7799987792969,261.4599914550781,258.75,259.69000244140625,3748400,0.0,0.0,V,Visa Inc.
2024-01-08,260.94000244140625,262.6199951171875,259.95001220703125,262.5400085449219,4659000,0.0,0.0,V,Visa Inc.
2024-01-09,262.0,263.6199951171875,261.1400146484375,263.3299865722656,7055800,0.0,0.0,V,Visa Inc.
2024-01-10,264.9700012207031,265.3699951171875,262.8599853515625,264.55999755859375,4355800,0.0,0.0,V,Visa Inc.
2024-01-11,265.4599914550781,266.19000244140625,262.3999938964844,264.0299987792969,5599000,0.0,0.0,V,Visa Inc.
2024-01-12,265.1300048828125,265.54998779296875,263.7099914550781,264.1700134277344,4656100,0.0,0.0,V,Visa Inc.
2024-01-16,263.5199890136719,265.6600036621094,262.3500061035156,265.239990234375,6196400,0.0,0.0,V,Visa Inc.
2024-01-17,264.4200134277344,267.1000061035156,264.3900146484375,266.6300048828125,5118700,0.0,0.0,V,Visa Inc.
2024-01-18,267.8800048828125,268.7799987792969,266.4200134277344,268.1400146484375,6694300,0.0,0.0,V,Visa Inc.
2024-01-19,268.17999267578125,271.1499938964844,267.04998779296875,270.8999938964844,7224600,0.0,0.0,V,Visa Inc.
2024-01-22,272.239990234375,272.3500061035156,270.3599853515625,271.20001220703125,5984300,0.0,0.0,V,Visa Inc.
2024-01-23,271.54998779296875,271.8699951171875,269.9100036621094,271.260009765625,5883000,0.0,0.0,V,Visa Inc.
2024-01-24,272.57000732421875,272.8599853515625,271.0799865722656,271.6499938964844,5021700,0.0,0.0,V,Visa Inc.
2024-01-25,271.95001220703125,272.7799987792969,270.79998779296875,272.6099853515625,6894900,0.0,0.0,V,Visa Inc.
2024-01-26,265.94000244140625,270.8699951171875,265.6000061035156,267.94000244140625,8586500,0.0,0.0,V,Visa Inc.
2024-01-29,266.9700012207031,275.07000732421875,266.7099914550781,273.6600036621094,6574500,0.0,0.0,V,Visa Inc.
2024-01-30,274.5899963378906,278.6400146484375,274.19000244140625,277.1499938964844,6549000,0.0,0.0,V,Visa Inc.
2024-01-31,277.1199951171875,279.989990234375,273.17999267578125,273.260009765625,6139300,0.0,0.0,V,Visa Inc.
2024-02-01,273.3900146484375,277.19000244140625,273.3599853515625,277.04998779296875,7065000,0.0,0.0,V,Visa Inc.
2024-02-02,277.6099853515625,278.5,275.67999267578125,277.17999267578125,4848700,0.0,0.0,V,Visa Inc.
2024-02-05,277.3999938964844,278.0,275.1300048828125,275.5799865722656,4899100,0.0,0.0,V,Visa Inc.
2024-02-06,274.79998779296875,276.8800048828125,274.0299987792969,276.760009765625,4400000,0.0,0.0,V,Visa Inc.
2024-02-07,279.3800048828125,279.5400085449219,277.05999755859375,279.3900146484375,4785900,0.0,0.0,V,Visa Inc.
2024-02-08,279.5400085449219,279.6600036621094,275.2799987792969,275.7799987792969,5833400,0.52,0.0,V,Visa Inc.
2024-02-09,275.0,277.17999267578125,274.0899963378906,276.42999267578125,4618300,0.0,0.0,V,Visa Inc.
2024-02-12,276.42999267578125,276.6700134277344,274.239990234375,275.07000732421875,3676200,0.0,0.0,V,Visa Inc.
2024-02-13,273.75,278.0,272.760009765625,275.80999755859375,5493800,0.0,0.0,V,Visa Inc.
2024-02-14,276.4700012207031,277.6400146484375,274.7099914550781,277.55999755859375,4218400,0.0,0.0,V,Visa Inc.
2024-02-15,277.6499938964844,281.1199951171875,277.55999755859375,280.9800109863281,4834800,0.0,0.0,V,Visa Inc.
2024-02-16,280.9599914550781,281.1199951171875,277.8699951171875,278.55999755859375,6630100,0.0,0.0,V,Visa Inc.
2024-02-20,274.57000732421875,276.8399963378906,273.3399963378906,275.1499938964844,6157200,0.0,0.0,V,Visa Inc.
2024-02-21,274.6300048828125,276.9700012207031,273.5299987792969,276.760009765625,4771100,0.0,0.0,V,Visa Inc.
2024-02-22,279.17999267578125,284.05999755859375,278.9800109863281,283.75,5100200,0.0,0.0,V,Visa Inc.
2024-02-23,284.7200012207031,285.95001220703125,283.5,283.6000061035156,5107700,0.0,0.0,V,Visa Inc.
2024-02-26,283.0400085449219,285.3500061035156,282.6600036621094,284.1499938964844,3856900,0.0,0.0,V,Visa Inc.
2024-02-27,284.1700134277344,284.1700134277344,281.5400085449219,283.1700134277344,4145200,0.0,0.0,V,Visa Inc.
2024-02-28,282.1000061035156,286.1300048828125,282.0799865722656,285.6300048828125,4358800,0.0,0.0,V,Visa Inc.
2024-02-29,285.5,285.6600036621094,282.17999267578125,282.6400146484375,6633700,0.0,0.0,V,Visa Inc.
2024-03-01,283.20001220703125,284.9100036621094,282.1099853515625,283.1600036621094,3955400,0.0,0.0,V,Visa Inc.
2024-03-04,282.80999755859375,283.0,278.1300048828125,280.5299987792969,5920300,0.0,0.0,V,Visa Inc.
2024-03-05,280.2699890136719,280.989990234375,277.67999267578125,279.3800048828125,6227900,0.0,0.0,V,Visa Inc.
2024-03-06,280.0,282.0,279.30999755859375,280.42999267578125,4535200,0.0,0.0,V,Visa Inc.
2024-03-07,280.8800048828125,281.1700134277344,276.1600036621094,278.260009765625,5668500,0.0,0.0,V,Visa Inc.
2024-03-08,279.0,281.6700134277344,278.8299865722656,280.0400085449219,3928800,0.0,0.0,V,Visa Inc.
2024-03-11,279.45001220703125,280.7699890136719,277.989990234375,280.55999755859375,4614000,0.0,0.0,V,Visa Inc.
2024-03-12,281.30999755859375,284.4800109863281,280.2900085449219,283.9200134277344,7988700,0.0,0.0,V,Visa Inc.
2024-03-13,284.6600036621094,286.1000061035156,283.82000732421875,285.1400146484375,5783800,0.0,0.0,V,Visa Inc.
2024-03-14,288.9599914550781,289.0400085449219,284.54998779296875,286.4100036621094,5484500,0.0,0.0,V,Visa Inc.
2024-03-15,283.54998779296875,285.6300048828125,282.6400146484375,283.0400085449219,9845000,0.0,0.0,V,Visa Inc.
2024-03-18,283.8699951171875,286.2300109863281,283.25,285.04998779296875,4095600,0.0,0.0,V,Visa Inc.
2024-03-19,286.6600036621094,288.05999755859375,285.25,287.3500061035156,6595200,0.0,0.0,V,Visa Inc.
2024-03-20,287.6400146484375,289.8699951171875,286.7200012207031,289.2799987792969,6105000,0.0,0.0,V,Visa Inc.
2024-03-21,289.9700012207031,290.9599914550781,287.8999938964844,290.3699951171875,5057600,0.0,0.0,V,Visa Inc.
2024-03-22,290.0,290.489990234375,282.8900146484375,283.260009765625,8743000,0.0,0.0,V,Visa Inc.
2024-03-25,283.010009765625,283.5,280.0400085449219,281.2099914550781,8519200,0.0,0.0,V,Visa Inc.
2024-03-26,284.1300048828125,284.1300048828125,278.4100036621094,280.6000061035156,8752400,0.0,0.0,V,Visa Inc.
2024-03-27,280.25,281.25,276.9800109863281,279.0199890136719,5190700,0.0,0.0,V,Visa Inc.
2024-03-28,278.489990234375,279.79998779296875,277.1199951171875,279.0799865722656,5844400,0.0,0.0,V,Visa Inc.
2024-04-01,280.3599853515625,280.8900146484375,276.7900085449219,278.2799987792969,5084000,0.0,0.0,V,Visa Inc.
2024-04-02,278.0,279.3299865722656,276.9800109863281,278.44000244140625,6912300,0.0,0.0,V,Visa Inc.
2024-04-03,280.4800109863281,280.4800109863281,276.55999755859375,276.9599914550781,4536600,0.0,0.0,V,Visa Inc.
2024-04-04,278.3599853515625,279.0799865722656,273.55999755859375,274.0,4018600,0.0,0.0,V,Visa Inc.
2024-04-05,276.1000061035156,277.9599914550781,275.0299987792969,277.1400146484375,4388100,0.0,0.0,V,Visa Inc.
2024-04-08,276.25,277.9800109863281,275.1499938964844,277.760009765625,5542400,0.0,0.0,V,Visa Inc.
2024-04-09,277.6300048828125,278.0,273.32000732421875,276.7200012207031,7314300,0.0,0.0,V,Visa Inc.
2024-04-10,275.4200134277344,276.82000732421875,274.1199951171875,274.4800109863281,5276000,0.0,0.0,V,Visa Inc.
2024-04-11,274.0,276.4800109863281,272.17999267578125,275.67999267578125,8102300,0.0,0.0,V,Visa Inc.
2024-04-12,275.54998779296875,277.0,274.05999755859375,275.9599914550781,9037900,0.0,0.0,V,Visa Inc.
2024-04-15,277.8900146484375,277.9100036621094,270.3399963378906,271.2799987792969,10267500,0.0,0.0,V,Visa Inc.
2024-04-16,270.5400085449219,274.1300048828125,270.1700134277344,271.3500061035156,8237100,0.0,0.0,V,Visa Inc.
2024-04-17,273.29998779296875,274.0,271.5,272.69000244140625,5940900,0.0,0.0,V,Visa Inc.
2024-04-18,272.57000732421875,273.1499938964844,269.8599853515625,271.3699951171875,8231800,0.0,0.0,V,Visa Inc.
2024-04-19,271.4700012207031,272.0,268.2900085449219,269.7799987792969,7826200,0.0,0.0,V,Visa Inc.
2024-04-22,270.95001220703125,273.760009765625,269.3599853515625,272.3299865722656,6463700,0.0,0.0,V,Visa Inc.
2024-04-23,274.010009765625,274.8900146484375,272.7099914550781,274.1099853515625,6438000,0.0,0.0,V,Visa Inc.
2024-04-24,282.57000732421875,283.0,274.489990234375,275.0199890136719,8807200,0.0,0.0,V,Visa Inc.
2024-04-25,272.9700012207031,276.2200012207031,270.489990234375,275.1600036621094,8064600,0.0,0.0,V,Visa Inc.
2024-04-26,275.010009765625,276.7699890136719,273.8299865722656,274.5199890136719,6840600,0.0,0.0,V,Visa Inc.
2024-04-29,272.32000732421875,274.4700012207031,271.0899963378906,271.8399963378906,4128600,0.0,0.0,V,Visa Inc.
2024-04-30,270.5299987792969,272.0799865722656,268.5799865722656,268.6099853515625,6376400,0.0,0.0,V,Visa Inc.
2024-05-01,268.1499938964844,270.9100036621094,266.7099914550781,267.32000732421875,6119900,0.0,0.0,V,Visa Inc.
2024-05-02,269.3500061035156,269.4700012207031,266.6499938964844,267.6099853515625,5061700,0.0,0.0,V,Visa Inc.
2024-05-03,269.0,269.45001220703125,266.5,268.489990234375,3862000,0.0,0.0,V,Visa Inc.
2024-05-06,269.6499938964844,272.7799987792969,269.57000732421875,272.6700134277344,3958700,0.0,0.0,V,Visa Inc.
2024-05-07,273.7200012207031,277.8800048828125,272.8299865722656,276.4599914550781,6377100,0.0,0.0,V,Visa Inc.
2024-05-08,277.79998779296875,278.54998779296875,274.9200134277344,277.19000244140625,9029700,0.0,0.0,V,Visa Inc.
2024-05-09,276.79998779296875,278.7900085449219,276.3999938964844,278.5400085449219,8948800,0.0,0.0,V,Visa Inc.
2024-05-10,279.54998779296875,281.0299987792969,279.239990234375,280.739990234375,8986400,0.0,0.0,V,Visa Inc.
2024-05-13,281.4599914550781,282.1499938964844,279.1000061035156,279.3900146484375,10528400,0.0,0.0,V,Visa Inc.
2024-05-14,279.44000244140625,279.989990234375,274.2699890136719,277.739990234375,18526100,0.0,0.0,V,Visa Inc.
2024-05-15,277.1499938964844,281.7300109863281,277.07000732421875,281.5,21288400,0.0,0.0,V,Visa Inc.
2024-05-16,281.739990234375,282.3800048828125,279.260009765625,279.8399963378906,10341500,0.52,0.0,V,Visa Inc.
2024-05-17,280.04998779296875,280.9100036621094,278.1000061035156,280.1000061035156,6177800,0.0,0.0,V,Visa Inc.
2024-05-20,279.2200012207031,280.2699890136719,278.17999267578125,278.5400085449219,5460900,0.0,0.0,V,Visa Inc.
2024-05-21,278.0,278.42999267578125,274.8800048828125,275.95001220703125,6578200,0.0,0.0,V,Visa Inc.
2024-05-22,275.5299987792969,278.0799865722656,275.1199951171875,275.5799865722656,4202500,0.0,0.0,V,Visa Inc.
2024-05-23,275.239990234375,277.44000244140625,273.0299987792969,274.2300109863281,6115900,0.0,0.0,V,Visa Inc.
2024-05-24,275.010009765625,275.239990234375,273.3500061035156,274.489990234375,4339700,0.0,0.0,V,Visa Inc.
2024-05-28,274.2300109863281,274.4599914550781,270.2300109863281,270.9800109863281,6212100,0.0,0.0,V,Visa Inc.
2024-05-29,269.0,271.1400146484375,268.260009765625,268.8599853515625,5469700,0.0,0.0,V,Visa Inc.
2024-05-30,268.70001220703125,271.6400146484375,268.30999755859375,271.29998779296875,4903100,0.0,0.0,V,Visa Inc.
2024-05-31,271.44000244140625,272.760009765625,269.010009765625,272.4599914550781,8910000,0.0,0.0,V,Visa Inc.
2024-06-03,273.0899963378906,273.1300048828125,268.05999755859375,270.3800048828125,4838800,0.0,0.0,V,Visa Inc.
2024-06-04,269.6300048828125,272.989990234375,269.30999755859375,272.4200134277344,4188500,0.0,0.0,V,Visa Inc.
2024-06-05,273.5299987792969,274.92999267578125,272.0199890136719,274.5,5368700,0.0,0.0,V,Visa Inc.
2024-06-06,274.79998779296875,277.1499938964844,274.0799865722656,277.0400085449219,4862400,0.0,0.0,V,Visa Inc.
2024-06-07,277.7099914550781,280.3299865722656,276.8599853515625,278.6700134277344,4515600,0.0,0.0,V,Visa Inc.
2024-06-10,278.1400146484375,278.55999755859375,273.3800048828125,275.0400085449219,5213800,0.0,0.0,V,Visa Inc.
2024-06-11,274.5400085449219,274.8599853515625,272.2200012207031,274.6700134277344,6244600,0.0,0.0,V,Visa Inc.
2024-06-12,276.7699890136719,277.6000061035156,269.8999938964844,270.32000732421875,7536600,0.0,0.0,V,Visa Inc.
2024-06-13,270.32000732421875,271.8599853515625,269.32000732421875,271.19000244140625,7361200,0.0,0.0,V,Visa Inc.
2024-06-14,270.1000061035156,271.54998779296875,269.2699890136719,270.6600036621094,8537300,0.0,0.0,V,Visa Inc.
2024-06-17,269.0,271.8299865722656,269.0,271.1700134277344,9258200,0.0,0.0,V,Visa Inc.
2024-06-18,271.29998779296875,273.8999938964844,271.29998779296875,273.6199951171875,6707500,0.0,0.0,V,Visa Inc.
2024-06-20,273.19000244140625,278.0400085449219,273.1000061035156,276.82000732421875,10164400,0.0,0.0,V,Visa Inc.
2024-06-21,277.1700134277344,277.5400085449219,274.5799865722656,275.2200012207031,14790200,0.0,0.0,V,Visa Inc.
2024-06-24,275.32000732421875,280.3900146484375,275.2699890136719,276.29998779296875,24149600,0.0,0.0,V,Visa Inc.
2024-06-25,276.8500061035156,277.92999267578125,273.5299987792969,273.5299987792969,19897700,0.0,0.0,V,Visa Inc.
2024-06-26,272.9100036621094,274.4599914550781,271.75,273.6000061035156,12172000,0.0,0.0,V,Visa Inc.
2024-06-27,268.510009765625,270.5899963378906,266.5,266.5899963378906,10529100,0.0,0.0,V,Visa Inc.
2024-06-28,267.20001220703125,268.6000061035156,261.25,262.4700012207031,13957300,0.0,0.0,V,Visa Inc.
2024-07-01,263.7900085449219,265.7699890136719,261.29998779296875,263.239990234375,7955800,0.0,0.0,V,Visa Inc.
2024-07-02,263.239990234375,268.2300109863281,262.3999938964844,268.2300109863281,8697800,0.0,0.0,V,Visa Inc.
2024-07-03,269.07000732421875,269.75,268.1499938964844,268.989990234375,5017800,0.0,0.0,V,Visa Inc.
2024-07-05,269.0,270.54998779296875,268.239990234375,270.3599853515625,7986400,0.0,0.0,V,Visa Inc.
2024-07-08,270.25,271.44000244140625,265.9700012207031,266.3999938964844,8561100,0.0,0.0,V,Visa Inc.
2024-07-09,267.0,267.54998779296875,263.9200134277344,265.44000244140625,6431300,0.0,0.0,V,Visa Inc.
2024-07-10,259.1199951171875,263.4800109863281,258.510009765625,263.0,9635500,0.0,0.0,V,Visa Inc.
2024-07-11,262.1300048828125,263.6300048828125,260.760009765625,262.54998779296875,8803600,0.0,0.0,V,Visa Inc.
2024-07-12,264.3399963378906,267.3999938964844,263.6600036621094,265.739990234375,6627800,0.0,0.0,V,Visa Inc.
2024-07-15,265.6700134277344,269.239990234375,265.25,268.45001220703125,6845200,0.0,0.0,V,Visa Inc.
2024-07-16,268.5199890136719,270.2099914550781,267.3699951171875,269.25,7869900,0.0,0.0,V,Visa Inc.
2024-07-17,268.44000244140625,272.9100036621094,268.239990234375,272.70001220703125,5324700,0.0,0.0,V,Visa Inc.
2024-07-18,272.2900085449219,273.6199951171875,268.55999755859375,269.1499938964844,5550800,0.0,0.0,V,Visa Inc.
2024-07-19,270.32000732421875,270.95001220703125,264.30999755859375,265.4599914550781,6839900,0.0,0.0,V,Visa Inc.
2024-07-22,267.2300109863281,268.3999938964844,265.0199890136719,267.7099914550781,5313600,0.0,0.0,V,Visa Inc.
2024-07-23,267.5299987792969,267.70001220703125,263.8599853515625,264.7900085449219,8109200,0.0,0.0,V,Visa Inc.
2024-07-24,256.07000732421875,257.20001220703125,253.1300048828125,254.1699981689453,13065900,0.0,0.0,V,Visa Inc.
2024-07-25,255.38999938964844,258.2200012207031,252.6999969482422,253.74000549316406,8573300,0.0,0.0,V,Visa Inc.
2024-07-26,255.58999633789062,261.20001220703125,255.58999633789062,259.4599914550781,7062200,0.0,0.0,V,Visa Inc.
2024-07-29,260.32000732421875,262.7099914550781,258.5799865722656,261.6000061035156,6068100,0.0,0.0,V,Visa Inc.
2024-07-30,263.2300109863281,264.29998779296875,261.010009765625,263.1000061035156,5941800,0.0,0.0,V,Visa Inc.
2024-07-31,264.5400085449219,266.3599853515625,264.25,265.6700134277344,7642500,0.0,0.0,V,Visa Inc.
2024-08-01,266.3299865722656,267.0,264.17999267578125,265.92999267578125,7269700,0.0,0.0,V,Visa Inc.
2024-08-02,263.8299865722656,267.9599914550781,262.8800048828125,266.5799865722656,7017900,0.0,0.0,V,Visa Inc.
2024-08-05,261.45001220703125,262.9200134277344,254.50999450683594,256.44000244140625,9631300,0.0,0.0,V,Visa Inc.
2024-08-06,256.5,260.489990234375,255.77000427246094,258.260009765625,21586800,0.0,0.0,V,Visa Inc.
2024-08-07,259.6600036621094,262.0299987792969,256.30999755859375,256.5199890136719,12908600,0.0,0.0,V,Visa Inc.
2024-08-08,258.1300048828125,260.45001220703125,257.9200134277344,259.8299865722656,8223700,0.0,0.0,V,Visa Inc.
2024-08-09,259.1700134277344,261.5199890136719,259.010009765625,259.760009765625,7228100,0.52,0.0,V,Visa Inc.
2024-08-12,260.5,261.6000061035156,259.239990234375,259.8900146484375,26769400,0.0,0.0,V,Visa Inc.
2024-08-13,260.1300048828125,261.67999267578125,259.2699890136719,260.1300048828125,12005700,0.0,0.0,V,Visa Inc.
2024-08-14,260.8699951171875,261.5,258.739990234375,261.1400146484375,8552300,0.0,0.0,V,Visa Inc.
2024-08-15,262.8399963378906,267.3900146484375,262.8399963378906,266.79998779296875,7397800,0.0,0.0,V,Visa Inc.
2024-08-16,266.8500061035156,268.44000244140625,265.3900146484375,267.3800048828125,5111100,0.0,0.0,V,Visa Inc.
2024-08-19,267.4200134277344,268.30999755859375,265.2300109863281,266.4700012207031,6555900,0.0,0.0,V,Visa Inc.
2024-08-20,267.0,268.0400085449219,265.7799987792969,268.0400085449219,6803600,0.0,0.0,V,Visa Inc.
2024-08-21,268.55999755859375,269.2699890136719,267.3900146484375,268.20001220703125,6639700,0.0,0.0,V,Visa Inc.
2024-08-22,268.94000244140625,269.5,266.57000732421875,267.94000244140625,4425200,0.0,0.0,V,Visa Inc.
2024-08-23,268.70001220703125,269.2099914550781,265.30999755859375,267.44000244140625,3697400,0.0,0.0,V,Visa Inc.
2024-08-26,267.7200012207031,270.3699951171875,267.6700134277344,268.2099914550781,4612200,0.0,0.0,V,Visa Inc.
2024-08-27,268.5199890136719,270.95001220703125,267.8900146484375,270.7200012207031,6594100,0.0,0.0,V,Visa Inc.
2024-08-28,271.1600036621094,271.9800109863281,267.6700134277344,269.19000244140625,5455100,0.0,0.0,V,Visa Inc.
2024-08-29,270.9800109863281,275.989990234375,270.45001220703125,274.32000732421875,5565100,0.0,0.0,V,Visa Inc.
2024-08-30,275.0,276.989990234375,274.260009765625,276.3699951171875,6296100,0.0,0.0,V,Visa Inc.
2024-09-03,276.3699951171875,282.0899963378906,276.3699951171875,278.5400085449219,7278300,0.0,0.0,V,Visa Inc.
2024-09-04,278.7099914550781,281.6499938964844,278.70001220703125,280.489990234375,6107500,0.0,0.0,V,Visa Inc.
2024-09-05,281.0,281.5,277.4100036621094,278.6199951171875,6447400,0.0,0.0,V,Visa Inc.
2024-09-06,277.7699890136719,280.2799987792969,277.42999267578125,279.3699951171875,7187700,0.0,0.0,V,Visa Inc.
2024-09-09,282.0899963378906,286.9700012207031,281.6499938964844,285.6099853515625,10933900,0.0,0.0,V,Visa Inc.
2024-09-10,285.92999267578125,286.3999938964844,283.57000732421875,285.3399963378906,5314400,0.0,0.0,V,Visa Inc.
2024-09-11,285.0199890136719,285.1700134277344,278.29998779296875,283.9599914550781,6281800,0.0,0.0,V,Visa Inc.
2024-09-12,284.0,286.0,281.4700012207031,285.3699951171875,4161200,0.0,0.0,V,Visa Inc.
2024-09-13,286.489990234375,288.739990234375,285.54998779296875,287.3500061035156,4987600,0.0,0.0,V,Visa Inc.
2024-09-16,288.04998779296875,290.8999938964844,287.739990234375,290.4800109863281,4458900,0.0,0.0,V,Visa Inc.
2024-09-17,290.8999938964844,293.07000732421875,290.0799865722656,291.55999755859375,5135700,0.0,0.0,V,Visa Inc.
2024-09-18,291.8399963378906,292.0199890136719,288.1300048828125,288.4800109863281,5890000,0.0,0.0,V,Visa Inc.
2024-09-19,291.0899963378906,291.4800109863281,282.8699951171875,285.239990234375,10382100,0.0,0.0,V,Visa Inc.
2024-09-20,285.5,287.0,283.25,284.7699890136719,27810900,0.0,0.0,V,Visa Inc.
2024-09-23,284.8999938964844,288.8800048828125,284.6199951171875,288.6300048828125,6505600,0.0,0.0,V,Visa Inc.
2024-09-24,280.17999267578125,281.0,272.7099914550781,272.7799987792969,13690200,0.0,0.0,V,Visa Inc.
2024-09-25,274.19000244140625,274.25,268.2300109863281,269.6300048828125,11671300,0.0,0.0,V,Visa Inc.
2024-09-26,270.5,273.239990234375,270.0,271.69000244140625,9552500,0.0,0.0,V,Visa Inc.
2024-09-27,273.1600036621094,277.9800109863281,272.7799987792969,275.1700134277344,6509600,0.0,0.0,V,Visa Inc.
2024-09-30,275.0,275.69000244140625,273.20001220703125,274.95001220703125,5969900,0.0,0.0,V,Visa Inc.
2024-10-01,276.9700012207031,279.05999755859375,274.3599853515625,277.6000061035156,5781600,0.0,0.0,V,Visa Inc.
2024-10-02,276.57000732421875,277.6400146484375,275.3699951171875,277.0,4741600,0.0,0.0,V,Visa Inc.
2024-10-03,276.6700134277344,277.69000244140625,275.8399963378906,276.8599853515625,3036700,0.0,0.0,V,Visa Inc.
2024-10-04,277.3500061035156,278.44000244140625,275.1000061035156,277.92999267578125,4259300,0.0,0.0,V,Visa Inc.
2024-10-07,277.6000061035156,277.6199951171875,273.239990234375,273.7900085449219,4339300,0.0,0.0,V,Visa Inc.
2024-10-08,274.7099914550781,276.1000061035156,274.010009765625,274.9599914550781,4370900,0.0,0.0,V,Visa Inc.
2024-10-09,275.0,277.489990234375,274.4200134277344,276.92999267578125,4115800,0.0,0.0,V,Visa Inc.
2024-10-10,276.7799987792969,277.6700134277344,275.3500061035156,277.4700012207031,4063900,0.0,0.0,V,Visa Inc.
2024-10-11,276.0400085449219,278.79998779296875,275.3699951171875,277.8399963378906,4746300,0.0,0.0,V,Visa Inc.
2024-10-14,279.0799865722656,281.3699951171875,277.989990234375,280.67999267578125,3996600,0.0,0.0,V,Visa Inc.
2024-10-15,281.0,282.6400146484375,278.8299865722656,279.2900085449219,5807000,0.0,0.0,V,Visa Inc.
2024-10-16,278.6199951171875,287.6000061035156,278.3500061035156,287.5199890136719,9442700,0.0,0.0,V,Visa Inc.
2024-10-17,288.57000732421875,290.92999267578125,287.6099853515625,290.3900146484375,8815800,0.0,0.0,V,Visa Inc.
2024-10-18,289.9200134277344,291.0400085449219,288.0799865722656,290.6199951171875,5350900,0.0,0.0,V,Visa Inc.
2024-10-21,289.6000061035156,290.44000244140625,286.3299865722656,286.8500061035156,6313100,0.0,0.0,V,Visa Inc.
2024-10-22,285.04998779296875,286.5299987792969,283.5299987792969,284.7900085449219,5736500,0.0,0.0,V,Visa Inc.
2024-10-23,286.0400085449219,286.05999755859375,283.5299987792969,283.760009765625,5249300,0.0,0.0,V,Visa Inc.
2024-10-24,282.3900146484375,283.6199951171875,281.7300109863281,283.2200012207031,4679900,0.0,0.0,V,Visa Inc.
2024-10-25,284.0,285.0899963378906,280.7799987792969,281.7300109863281,4464600,0.0,0.0,V,Visa Inc.
2024-10-28,282.0400085449219,284.6400146484375,281.5299987792969,284.19000244140625,4306200,0.0,0.0,V,Visa Inc.
2024-10-29,284.2699890136719,285.70001220703125,281.3500061035156,281.8800048828125,7534800,0.0,0.0,V,Visa Inc.
2024-10-30,292.3399963378906,295.7799987792969,288.3299865722656,290.1600036621094,9606800,0.0,0.0,V,Visa Inc.
2024-10-31,292.0899963378906,296.3399963378906,289.6199951171875,289.8500061035156,7950200,0.0,0.0,V,Visa Inc.
2024-11-01,288.489990234375,292.6700134277344,287.19000244140625,290.739990234375,5470700,0.0,0.0,V,Visa Inc.
2024-11-04,291.54998779296875,293.1499938964844,290.760009765625,291.8500061035156,4281600,0.0,0.0,V,Visa Inc.
2024-11-05,291.7099914550781,294.7799987792969,291.5799865722656,293.2900085449219,3753700,0.0,0.0,V,Visa Inc.
2024-11-06,306.32000732421875,309.0,302.82000732421875,307.3999938964844,10320500,0.0,0.0,V,Visa Inc.
2024-11-07,307.5,307.6300048828125,304.4200134277344,305.79998779296875,6237300,0.0,0.0,V,Visa Inc.
2024-11-08,306.8900146484375,311.1499938964844,305.69000244140625,307.8699951171875,6240600,0.0,0.0,V,Visa Inc.
2024-11-11,310.0899963378906,312.44000244140625,309.29998779296875,310.9200134277344,4674100,0.0,0.0,V,Visa Inc.
2024-11-12,309.0400085449219,310.54998779296875,308.1099853515625,309.8500061035156,4616400,0.59,0.0,V,Visa Inc.
2024-11-13,309.489990234375,310.95001220703125,307.8399963378906,309.4800109863281,4046400,0.0,0.0,V,Visa Inc.
2024-11-14,309.29998779296875,311.2900085449219,307.8299865722656,308.25,4415800,0.0,0.0,V,Visa Inc.
2024-11-15,307.55999755859375,310.7200012207031,306.6600036621094,309.6400146484375,5106300,0.0,0.0,V,Visa Inc.
2024-11-18,309.4800109863281,312.4100036621094,308.70001220703125,312.1600036621094,4585600,0.0,0.0,V,Visa Inc.
2024-11-19,310.0,312.2300109863281,308.510009765625,311.8500061035156,4885500,0.0,0.0,V,Visa Inc.
2024-11-20,311.8599853515625,312.2900085449219,306.2200012207031,307.3900146484375,6349900,0.0,0.0,V,Visa Inc.
2024-11-21,307.29998779296875,310.9200134277344,306.6499938964844,309.8999938964844,5757100,0.0,0.0,V,Visa Inc.
2024-11-22,307.9700012207031,311.5899963378906,307.8999938964844,309.9200134277344,5919200,0.0,0.0,V,Visa Inc.
2024-11-25,311.8599853515625,313.6600036621094,309.8599853515625,313.19000244140625,14189300,0.0,0.0,V,Visa Inc.
2024-11-26,314.20001220703125,314.5,311.5400085449219,311.82000732421875,7071500,0.0,0.0,V,Visa Inc.
2024-11-27,310.7699890136719,316.3699951171875,309.489990234375,314.70001220703125,5204300,0.0,0.0,V,Visa Inc.
2024-11-29,314.2900085449219,316.25,313.70001220703125,315.0799865722656,3853300,0.0,0.0,V,Visa Inc.
2024-12-02,316.8999938964844,317.4200134277344,313.7099914550781,316.6499938964844,5597500,0.0,0.0,V,Visa Inc.
2024-12-03,317.1000061035156,317.32000732421875,312.7699890136719,313.010009765625,5009900,0.0,0.0,V,Visa Inc.
2024-12-04,312.4200134277344,312.8500061035156,308.79998779296875,309.8999938964844,5981800,0.0,0.0,V,Visa Inc.
2024-12-05,309.9800109863281,311.0899963378906,308.8299865722656,309.0799865722656,5200100,0.0,0.0,V,Visa Inc.
2024-12-06,308.8699951171875,312.55999755859375,308.79998779296875,311.010009765625,4302700,0.0,0.0,V,Visa Inc.
2024-12-09,311.8299865722656,313.010009765625,307.6400146484375,308.29998779296875,5785300,0.0,0.0,V,Visa Inc.
2024-12-10,307.3599853515625,312.9800109863281,306.6400146484375,312.3800048828125,4539500,0.0,0.0,V,Visa Inc.
2024-12-11,313.0400085449219,315.54998779296875,311.2099914550781,313.7900085449219,4321800,0.0,0.0,V,Visa Inc.
2024-12-12,314.82000732421875,315.54998779296875,313.42999267578125,314.2300109863281,3218500,0.0,0.0,V,Visa Inc.
2024-12-13,315.8299865722656,316.95001220703125,314.3399963378906,314.739990234375,4682200,0.0,0.0,V,Visa Inc.
2024-12-16,314.739990234375,317.55999755859375,314.1000061035156,315.8900146484375,6562500,0.0,0.0,V,Visa Inc.
2024-12-17,315.82000732421875,318.8399963378906,315.1400146484375,318.29998779296875,8843900,0.0,0.0,V,Visa Inc.
2024-12-18,318.5,321.6199951171875,309.55999755859375,309.7799987792969,10479200,0.0,0.0,V,Visa Inc.
2024-12-19,311.8299865722656,316.8699951171875,311.2300109863281,314.8800048828125,8317100,0.0,0.0,V,Visa Inc.
2024-12-20,313.57000732421875,320.0,312.2799987792969,317.7099914550781,24387000,0.0,0.0,V,Visa Inc.
2024-12-23,315.6499938964844,317.9700012207031,313.3500061035156,317.2200012207031,7984600,0.0,0.0,V,Visa Inc.
2024-12-24,318.1700134277344,321.5400085449219,317.2799987792969,320.6499938964844,2684100,0.0,0.0,V,Visa Inc.
2024-12-26,319.7699890136719,321.45001220703125,319.4599914550781,320.9100036621094,2856000,0.0,0.0,V,Visa Inc.
2024-12-27,319.2699890136719,321.5,317.55999755859375,318.6600036621094,3489200,0.0,0.0,V,Visa Inc.
2024-12-30,314.67999267578125,317.1099853515625,313.2300109863281,315.30999755859375,3478500,0.0,0.0,V,Visa Inc.
2024-12-31,316.1199951171875,317.6600036621094,315.19000244140625,316.0400085449219,3963800,0.0,0.0,V,Visa Inc.
2025-01-02,317.7799987792969,319.67999267578125,312.4100036621094,314.3999938964844,5369500,0.0,0.0,V,Visa Inc.
2025-01-03,314.17999267578125,315.9200134277344,312.010009765625,314.9100036621094,4271300,0.0,0.0,V,Visa Inc.
2025-01-06,315.010009765625,315.3900146484375,312.07000732421875,313.0400085449219,6567300,0.0,0.0,V,Visa Inc.
2025-01-07,312.8900146484375,315.19000244140625,311.32000732421875,311.6700134277344,4958600,0.0,0.0,V,Visa Inc.
2025-01-08,311.0,314.0400085449219,310.2099914550781,312.6000061035156,5161600,0.0,0.0,V,Visa Inc.
2025-01-10,311.20001220703125,311.8500061035156,305.989990234375,307.7099914550781,6660100,0.0,0.0,V,Visa Inc.
2025-01-13,305.0,306.9200134277344,303.8399963378906,306.9200134277344,9568400,0.0,0.0,V,Visa Inc.
2025-01-14,308.75,310.1600036621094,307.5199890136719,309.0899963378906,5107600,0.0,0.0,V,Visa Inc.
2025-01-15,313.67999267578125,317.19000244140625,313.1300048828125,316.2799987792969,5222000,0.0,0.0,V,Visa Inc.
2025-01-16,315.75,319.17999267578125,315.75,317.25,4606700,0.0,0.0,V,Visa Inc.
2025-01-17,317.5,320.5899963378906,316.7099914550781,319.6199951171875,5805800,0.0,0.0,V,Visa Inc.
2025-01-21,320.30999755859375,324.5799865722656,320.0,323.6300048828125,5653000,0.0,0.0,V,Visa Inc.
2025-01-22,324.7699890136719,325.739990234375,322.3800048828125,323.55999755859375,5026500,0.0,0.0,V,Visa Inc.
2025-01-23,323.760009765625,328.510009765625,323.57000732421875,328.2099914550781,5297100,0.0,0.0,V,Visa Inc.
2025-01-24,328.0199890136719,331.0899963378906,327.80999755859375,330.20001220703125,4327500,0.0,0.0,V,Visa Inc.
2025-01-27,330.0,335.489990234375,328.04998779296875,334.5400085449219,6636500,0.0,0.0,V,Visa Inc.
2025-01-28,334.6700134277344,337.8299865722656,332.8900146484375,334.4800109863281,5999600,0.0,0.0,V,Visa Inc.
2025-01-29,334.5,337.1099853515625,334.5,335.8800048828125,5087300,0.0,0.0,V,Visa Inc.
2025-01-30,339.510009765625,344.44000244140625,339.0,343.04998779296875,8081300,0.0,0.0,V,Visa Inc.
2025-01-31,346.4700012207031,351.25,341.7099914550781,341.79998779296875,8628100,0.0,0.0,V,Visa Inc.
2025-02-03,340.0,346.0,339.239990234375,345.82000732421875,8004500,0.0,0.0,V,Visa Inc.
2025-02-04,344.6000061035156,346.010009765625,342.5400085449219,345.1499938964844,5532600,0.0,0.0,V,Visa Inc.
2025-02-05,346.0,349.4800109863281,345.25,349.44000244140625,4939100,0.0,0.0,V,Visa Inc.
2025-02-06,349.7799987792969,350.6499938964844,346.6000061035156,347.4800109863281,4294500,0.0,0.0,V,Visa Inc.
2025-02-07,348.0,350.75,347.2099914550781,348.0199890136719,4261200,0.0,0.0,V,Visa Inc.
2025-02-10,348.70001220703125,351.8999938964844,347.70001220703125,351.2300109863281,6067000,0.0,0.0,V,Visa Inc.
2025-02-11,348.29998779296875,352.1199951171875,346.25,350.7200012207031,5154800,0.59,0.0,V,Visa Inc.
2025-02-12,349.1600036621094,351.8299865722656,347.489990234375,351.489990234375,6760100,0.0,0.0,V,Visa Inc.
2025-02-13,353.1199951171875,356.0799865722656,350.7300109863281,355.6300048828125,4279200,0.0,0.0,V,Visa Inc.
2025-02-14,354.42999267578125,355.42999267578125,353.2200012207031,353.80999755859375,5720300,0.0,0.0,V,Visa Inc.
2025-02-18,353.69000244140625,356.739990234375,352.3999938964844,356.7300109863281,5822000,0.0,0.0,V,Visa Inc.
2025-02-19,356.0199890136719,357.1499938964844,354.17999267578125,355.2300109863281,4152300,0.0,0.0,V,Visa Inc.
2025-02-20,355.2300109863281,356.1300048828125,349.05999755859375,350.489990234375,5697000,0.0,0.0,V,Visa Inc.
2025-02-21,350.489990234375,353.32000732421875,347.4800109863281,348.5299987792969,6924100,0.0,0.0,V,Visa Inc.
2025-02-24,348.760009765625,350.79998779296875,347.3599853515625,349.8599853515625,5055900,0.0,0.0,V,Visa Inc.
2025-02-25,351.3699951171875,352.5899963378906,346.0,352.0899963378906,6191900,0.0,0.0,V,Visa Inc.
2025-02-26,350.0,351.8299865722656,348.989990234375,350.6300048828125,5960600,0.0,0.0,V,Visa Inc.
2025-02-27,351.8999938964844,360.30999755859375,351.67999267578125,355.739990234375,7298100,0.0,0.0,V,Visa Inc.
2025-02-28,354.7099914550781,364.0,353.7099914550781,362.7099914550781,15857300,0.0,0.0,V,Visa Inc.
2025-03-03,363.0,366.5400085449219,359.5400085449219,361.82000732421875,9099600,0.0,0.0,V,Visa Inc.
2025-03-04,360.1099853515625,360.2699890136719,350.3999938964844,352.2300109863281,8955800,0.0,0.0,V,Visa Inc.
2025-03-05,350.8299865722656,354.1099853515625,348.94000244140625,352.67999267578125,8244200,0.0,0.0,V,Visa Inc.
2025-03-06,345.9599914550781,348.8699951171875,340.3900146484375,344.1600036621094,8611100,0.0,0.0,V,Visa Inc.
2025-03-07,340.8699951171875,346.3900146484375,339.1400146484375,345.32000732421875,6358700,0.0,0.0,V,Visa Inc.
2025-03-10,339.94000244140625,345.010009765625,337.6400146484375,341.4800109863281,8204300,0.0,0.0,V,Visa Inc.
2025-03-11,338.4100036621094,339.6099853515625,329.5799865722656,332.1400146484375,9776100,0.0,0.0,V,Visa Inc.
2025-03-12,335.9700012207031,336.1600036621094,329.1099853515625,332.8399963378906,6295400,0.0,0.0,V,Visa Inc.
2025-03-13,330.989990234375,336.20001220703125,327.70001220703125,328.54998779296875,7915300,0.0,0.0,V,Visa Inc.
2025-03-14,327.2099914550781,332.7699890136719,326.3800048828125,331.79998779296875,7810600,0.0,0.0,V,Visa Inc.
2025-03-17,330.0299987792969,336.1099853515625,329.760009765625,334.54998779296875,6149400,0.0,0.0,V,Visa Inc.
2025-03-18,335.2900085449219,335.79998779296875,332.29998779296875,334.7699890136719,7778300,0.0,0.0,V,Visa Inc.
2025-03-19,336.79998779296875,341.0299987792969,334.5,339.8699951171875,5614900,0.0,0.0,V,Visa Inc.
2025-03-20,339.0,342.239990234375,337.6600036621094,339.5,5432700,0.0,0.0,V,Visa Inc.
2025-03-21,337.3699951171875,339.42999267578125,335.5199890136719,335.6600036621094,17279700,0.0,0.0,V,Visa Inc.
2025-03-24,338.6499938964844,345.2200012207031,337.6499938964844,343.8699951171875,5675100,0.0,0.0,V,Visa Inc.
2025-03-25,344.55999755859375,345.5299987792969,340.6700134277344,344.6199951171875,3931200,0.0,0.0,V,Visa Inc.
2025-03-26,345.989990234375,347.3800048828125,343.0,344.17999267578125,6187100,0.0,0.0,V,Visa Inc.
2025-03-27,344.0,350.8399963378906,343.32000732421875,349.8599853515625,7254800,0.0,0.0,V,Visa Inc.
2025-03-28,349.19000244140625,351.6199951171875,341.6099853515625,342.8500061035156,5687600,0.0,0.0,V,Visa Inc.
2025-03-31,339.3500061035156,351.8599853515625,334.489990234375,350.4599914550781,9950800,0.0,0.0,V,Visa Inc.
2025-04-01,350.44000244140625,350.45001220703125,342.57000732421875,346.3500061035156,7473300,0.0,0.0,V,Visa Inc.
2025-04-02,343.44000244140625,348.20001220703125,343.04998779296875,346.3299865722656,5682500,0.0,0.0,V,Visa Inc.
2025-04-03,333.8999938964844,344.739990234375,331.0,339.3900146484375,8792900,0.0,0.0,V,Visa Inc.
2025-04-04,330.0,334.6499938964844,312.1199951171875,313.1300048828125,13201700,0.0,0.0,V,Visa Inc.
2025-04-07,302.07000732421875,322.17999267578125,299.0,312.32000732421875,12163400,0.0,0.0,V,Visa Inc.
2025-04-08,322.239990234375,326.2799987792969,303.92999267578125,308.2699890136719,9569300,0.0,0.0,V,Visa Inc.
2025-04-09,305.6400146484375,334.0299987792969,305.6400146484375,332.42999267578125,11361800,0.0,0.0,V,Visa Inc.
2025-04-10,328.0199890136719,330.1600036621094,313.2699890136719,324.6099853515625,8709800,0.0,0.0,V,Visa Inc.
2025-04-11,324.42999267578125,336.9800109863281,322.5400085449219,333.3999938964844,6804500,0.0,0.0,V,Visa Inc.
2025-04-14,336.4100036621094,339.6099853515625,333.1400146484375,335.17999267578125,5011800,0.0,0.0,V,Visa Inc.
2025-04-15,336.7200012207031,339.3900146484375,335.0,335.80999755859375,4386200,0.0,0.0,V,Visa Inc.
2025-04-16,335.0,337.2200012207031,328.8599853515625,331.3299865722656,5850600,0.0,0.0,V,Visa Inc.
2025-04-17,331.07000732421875,334.32000732421875,328.44000244140625,329.6099853515625,5655900,0.0,0.0,V,Visa Inc.
2025-04-21,329.0,329.1499938964844,316.6499938964844,320.1000061035156,6362300,0.0,0.0,V,Visa Inc.
2025-04-22,323.8599853515625,332.55999755859375,322.3900146484375,331.3999938964844,5435500,0.0,0.0,V,Visa Inc.
2025-04-23,337.239990234375,341.25,333.20001220703125,334.3699951171875,8906000,0.0,0.0,V,Visa Inc.
2025-04-24,333.2799987792969,336.7699890136719,331.25,335.7099914550781,8055200,0.0,0.0,V,Visa Inc.
2025-04-25,334.760009765625,336.3699951171875,332.1700134277344,335.1700134277344,4452800,0.0,0.0,V,Visa Inc.
2025-04-28,336.7799987792969,339.3399963378906,335.0199890136719,337.510009765625,5422900,0.0,0.0,V,Visa Inc.
2025-04-29,338.5,342.2699890136719,336.4599914550781,341.5199890136719,5519500,0.0,0.0,V,Visa Inc.
2025-04-30,334.44000244140625,346.5199890136719,333.239990234375,345.5,9526700,0.0,0.0,V,Visa Inc.
2025-05-01,345.5799865722656,345.7200012207031,340.1199951171875,342.45001220703125,5849900,0.0,0.0,V,Visa Inc.
2025-05-02,347.2200012207031,350.0899963378906,346.1199951171875,347.6000061035156,6112800,0.0,0.0,V,Visa Inc.
